path,usage_count,sample_files
pages.marketingIntel.marketingIntel.pageTitle,0,
pages.marketingIntel.marketingIntel.pageSub,0,
pages.marketingIntel.marketingIntel.badge4ch,0,
pages.marketingIntel.marketingIntel.badge5inf,0,
pages.marketingIntel.marketingIntel.badge20kpi,0,
pages.marketingIntel.marketingIntel.badgeAiRec,0,
pages.marketingIntel.marketingIntel.todayAdSpend,0,
pages.marketingIntel.marketingIntel.summaryOrders,0,
pages.marketingIntel.marketingIntel.tabFunnel,0,
pages.marketingIntel.marketingIntel.tabFunnelDesc,0,
pages.marketingIntel.marketingIntel.tabKpi,0,
pages.marketingIntel.marketingIntel.tabKpiDesc,0,
pages.marketingIntel.marketingIntel.tabAi,0,
pages.marketingIntel.marketingIntel.tabAiDesc,0,
pages.marketingIntel.marketingIntel.tabAuto,0,
pages.marketingIntel.marketingIntel.tabAutoDesc,0,
pages.marketingIntel.marketingIntel.funnelTotal,0,
pages.marketingIntel.marketingIntel.funnelImp,0,
pages.marketingIntel.marketingIntel.funnelClicks,0,
pages.marketingIntel.marketingIntel.funnelCart,0,
pages.marketingIntel.marketingIntel.funnelOrders,0,
pages.marketingIntel.marketingIntel.funnelSpend,0,
pages.marketingIntel.marketingIntel.ctr,0,
pages.marketingIntel.marketingIntel.cartRate,0,
pages.marketingIntel.marketingIntel.finalCvr,0,
pages.marketingIntel.marketingIntel.channelDetail,0,
pages.marketingIntel.marketingIntel.adSpend,0,
pages.marketingIntel.marketingIntel.cvr,0,
pages.marketingIntel.marketingIntel.cartToBuy,0,
pages.marketingIntel.marketingIntel.roas,0,
pages.marketingIntel.marketingIntel.cpc,0,
pages.marketingIntel.marketingIntel.cpo,0,
pages.marketingIntel.marketingIntel.aov,0,
pages.marketingIntel.marketingIntel.totalRevContrib,0,
pages.marketingIntel.marketingIntel.newCustPct,0,
pages.marketingIntel.marketingIntel.mobileCvr,0,
pages.marketingIntel.marketingIntel.infFunnel,0,
pages.marketingIntel.marketingIntel.creator,0,
pages.marketingIntel.marketingIntel.scale,0,
pages.marketingIntel.marketingIntel.reach,0,
pages.marketingIntel.marketingIntel.clicks,0,
pages.marketingIntel.marketingIntel.purchase,0,
pages.marketingIntel.marketingIntel.convRate,0,
pages.marketingIntel.marketingIntel.investment,0,
pages.marketingIntel.marketingIntel.roi,0,
pages.marketingIntel.marketingIntel.verdict,0,
pages.marketingIntel.marketingIntel.verdictGood,0,
pages.marketingIntel.marketingIntel.verdictOk,0,
pages.marketingIntel.marketingIntel.verdictBad,0,
pages.marketingIntel.marketingIntel.kpiTotal,0,
pages.marketingIntel.marketingIntel.kpiTable,0,
pages.marketingIntel.marketingIntel.kpiMetric,0,
pages.marketingIntel.marketingIntel.kpiCat,0,
pages.marketingIntel.marketingIntel.kpiWeight,0,
pages.marketingIntel.marketingIntel.kpiContrib,0,
pages.marketingIntel.marketingIntel.kpiContribSub,0,
pages.marketingIntel.marketingIntel.dimChannel,0,
pages.marketingIntel.marketingIntel.dimContent,0,
pages.marketingIntel.marketingIntel.dimTier,0,
pages.marketingIntel.marketingIntel.dimDevice,0,
pages.marketingIntel.marketingIntel.dimTime,0,
pages.marketingIntel.marketingIntel.dimCustomer,0,
pages.marketingIntel.marketingIntel.dimCoupon,0,
pages.marketingIntel.marketingIntel.dimTouch,0,
pages.marketingIntel.marketingIntel.aiEngine,0,
pages.marketingIntel.marketingIntel.aiEngineDesc,0,
pages.marketingIntel.marketingIntel.runAI,0,
pages.marketingIntel.marketingIntel.analyzing,0,
pages.marketingIntel.marketingIntel.confLabel,0,
pages.marketingIntel.marketingIntel.expRoas,0,
pages.marketingIntel.marketingIntel.effort,0,
pages.marketingIntel.marketingIntel.reasonLabel,0,
pages.marketingIntel.marketingIntel.actionLabel,0,
pages.marketingIntel.marketingIntel.autoRules,0,
pages.marketingIntel.marketingIntel.statusPending,0,
pages.marketingIntel.marketingIntel.statusApproved,0,
pages.marketingIntel.marketingIntel.statusActive,0,
pages.marketingIntel.marketingIntel.statusRejected,0,
pages.marketingIntel.marketingIntel.trigger,0,
pages.marketingIntel.marketingIntel.action,0,
pages.marketingIntel.marketingIntel.effect,0,
pages.marketingIntel.marketingIntel.confidence,0,
pages.marketingIntel.marketingIntel.approve,0,
pages.marketingIntel.marketingIntel.reject,0,
pages.marketingIntel.marketingIntel.execute,0,
pages.marketingIntel.marketingIntel.running,0,
pages.marketingIntel.marketingIntel.rejected,0,
pages.marketingIntel.marketingIntel.riskLow,0,
pages.marketingIntel.marketingIntel.riskMedium,0,
pages.marketingIntel.marketingIntel.riskHigh,0,
pages.marketingIntel.marketingIntel.execLog,0,
pages.marketingIntel.marketingIntel.logApproved,0,
pages.marketingIntel.marketingIntel.logRejected,0,
pages.marketingIntel.marketingIntel.logExecuted,0,
pages.marketingIntel.marketingIntel.adCreativeTitle,0,
pages.marketingIntel.marketingIntel.adCreativeSub,0,
pages.marketingIntel.marketingIntel.adPlatform,0,
pages.marketingIntel.marketingIntel.adSize,0,
pages.marketingIntel.marketingIntel.adStyle,0,
pages.marketingIntel.marketingIntel.adTone,0,
pages.marketingIntel.marketingIntel.adProduct,0,
pages.marketingIntel.marketingIntel.adProductPh,0,
pages.marketingIntel.marketingIntel.adKeyword,0,
pages.marketingIntel.marketingIntel.adKeywordPh,0,
pages.marketingIntel.marketingIntel.adTarget,0,
pages.marketingIntel.marketingIntel.adTargetPh,0,
pages.marketingIntel.marketingIntel.adCta,0,
pages.marketingIntel.marketingIntel.adGenerate,0,
pages.marketingIntel.marketingIntel.adGenerating,0,
pages.marketingIntel.marketingIntel.adResult,0,
pages.marketingIntel.marketingIntel.adHeadline,0,
pages.marketingIntel.marketingIntel.adBody,0,
pages.marketingIntel.marketingIntel.adCtaLabel,0,
pages.marketingIntel.marketingIntel.adHashtags,0,
pages.marketingIntel.marketingIntel.adKeywords,0,
pages.marketingIntel.marketingIntel.adDownload,0,
pages.marketingIntel.marketingIntel.adRegenerate,0,
pages.marketingIntel.marketingIntel.adCopy,0,
pages.marketingIntel.marketingIntel.aiSuggestions,0,
pages.marketingIntel.marketingIntel.optimizing,0,
pages.marketingIntel.marketingIntel.budgetOptDesc,0,
pages.marketingIntel.marketingIntel.channelAnalysis,0,
pages.marketingIntel.marketingIntel.trendDetection,0,
pages.marketingIntel.marketingIntel.creativeStudio.selectFirst,0,
pages.marketingIntel.marketingIntel.creativeStudio.selectFirstDesc,0,
pages.marketingIntel.marketingIntel.creativeStudio.selectStep,0,
pages.marketingIntel.marketingIntel.creativeStudio.selectStepHint,0,
pages.marketingIntel.marketingIntel.creativeStudio.productInfo,0,
pages.marketingIntel.marketingIntel.creativeStudio.categoryOptimized,0,
pages.marketingIntel.marketingIntel.creativeStudio.channelStep,0,
pages.marketingIntel.marketingIntel.creativeStudio.adTipTitle,0,
pages.marketingIntel.marketingIntel.creativeStudio.headlineHint,0,
pages.marketingIntel.marketingIntel.creativeStudio.bodyHint,0,
pages.marketingIntel.marketingIntel.creativeStudio.ctaHint,0,
pages.marketingIntel.marketingIntel.creativeStudio.customCopyToggle,0,
pages.marketingIntel.marketingIntel.creativeStudio.customHeadline,0,
pages.marketingIntel.marketingIntel.creativeStudio.customBody,0,
pages.marketingIntel.marketingIntel.creativeStudio.selectedLabel,0,
pages.marketingIntel.marketingIntel.creativeStudio.adTag,0,
pages.marketingIntel.marketingIntel.creativeStudio.adPreviewLabel,0,
pages.marketingIntel.marketingIntel.creativeStudio.adFormatCount,0,
pages.marketingIntel.marketingIntel.creativeStudio.adSpec,0,
pages.marketingIntel.marketingIntel.creativeStudio.cat_overseas_ship,0,
pages.marketingIntel.marketingIntel.creativeStudio.cat_overseas_ship_desc,0,
pages.marketingIntel.marketingIntel.creativeStudio.cat_overseas_buy,0,
pages.marketingIntel.marketingIntel.creativeStudio.cat_overseas_buy_desc,0,
pages.marketingIntel.marketingIntel.creativeStudio.cat_beauty,0,
pages.marketingIntel.marketingIntel.creativeStudio.cat_beauty_desc,0,
pages.marketingIntel.marketingIntel.creativeStudio.cat_food,0,
pages.marketingIntel.marketingIntel.creativeStudio.cat_food_desc,0,
pages.marketingIntel.marketingIntel.creativeStudio.cat_fashion,0,
pages.marketingIntel.marketingIntel.creativeStudio.cat_fashion_desc,0,
pages.marketingIntel.marketingIntel.creativeStudio.cat_general,0,
pages.marketingIntel.marketingIntel.creativeStudio.cat_general_desc,0,
pages.marketingIntel.marketingIntel.creativeStudio.cat_electronics,0,
pages.marketingIntel.marketingIntel.creativeStudio.cat_electronics_desc,0,
pages.marketingIntel.marketingIntel.creativeStudio.cat_sports,0,
pages.marketingIntel.marketingIntel.creativeStudio.cat_sports_desc,0,
pages.marketingIntel.marketingIntel.approvals.heroDesc,0,
pages.marketingIntel.marketingIntel.approvals.pageTitle,0,
pages.marketingIntel.marketingIntel.approvals.pageSub,0,
pages.marketingIntel.marketingIntel.approvals.statusPending,0,
pages.marketingIntel.marketingIntel.approvals.statusApproved,0,
pages.marketingIntel.marketingIntel.approvals.statusExecuted,0,
pages.marketingIntel.marketingIntel.approvals.statusRejected,0,
pages.marketingIntel.marketingIntel.approvals.filterAll,0,
pages.marketingIntel.marketingIntel.approvals.requestList,0,
pages.marketingIntel.marketingIntel.approvals.noRequests,0,
pages.marketingIntel.marketingIntel.approvals.noRequestsDesc,0,
pages.marketingIntel.marketingIntel.approvals.btnApprove,0,
pages.marketingIntel.marketingIntel.approvals.btnReject,0,
pages.marketingIntel.marketingIntel.approvals.btnExecute,0,
pages.marketingIntel.marketingIntel.approvals.executeDone,0,
pages.marketingIntel.marketingIntel.approvals.demoGuard,0,
pages.marketingIntel.marketingIntel.approvals.tabQueue,0,
pages.marketingIntel.marketingIntel.approvals.tabQueueDesc,0,
pages.marketingIntel.marketingIntel.approvals.tabAudit,0,
pages.marketingIntel.marketingIntel.approvals.tabAuditDesc,0,
pages.marketingIntel.marketingIntel.approvals.tabSettings,0,
pages.marketingIntel.marketingIntel.approvals.tabSettingsDesc,0,
pages.marketingIntel.marketingIntel.approvals.totalAudit,0,
pages.marketingIntel.marketingIntel.approvals.auditApproved,0,
pages.marketingIntel.marketingIntel.approvals.auditSecurity,0,
pages.marketingIntel.marketingIntel.approvals.noAudit,0,
pages.marketingIntel.marketingIntel.approvals.noAuditDesc,0,
pages.marketingIntel.marketingIntel.approvals.settingsTitle,0,
pages.marketingIntel.marketingIntel.approvals.cfgAutoApprove,0,
pages.marketingIntel.marketingIntel.approvals.cfgAutoApproveDesc,0,
pages.marketingIntel.marketingIntel.approvals.cfgRequire2fa,0,
pages.marketingIntel.marketingIntel.approvals.cfgRequire2faDesc,0,
pages.marketingIntel.marketingIntel.approvals.cfgSlackNotify,0,
pages.marketingIntel.marketingIntel.approvals.cfgSlackNotifyDesc,0,
pages.marketingIntel.marketingIntel.approvals.cfgEmailNotify,0,
pages.marketingIntel.marketingIntel.approvals.cfgEmailNotifyDesc,0,
pages.marketingIntel.marketingIntel.approvals.cfgExecDelay,0,
pages.marketingIntel.marketingIntel.approvals.cfgExecDelayDesc,0,
pages.marketingIntel.marketingIntel.approvals.cfgAuditLog,0,
pages.marketingIntel.marketingIntel.approvals.cfgAuditLogDesc,0,
pages.marketingIntel.marketingIntel.approvals.cfgChanged,0,
pages.marketingIntel.marketingIntel.approvals.enabled,0,
pages.marketingIntel.marketingIntel.approvals.disabled,0,
pages.marketingIntel.marketingIntel.approvals.badgePending,0,
pages.marketingIntel.marketingIntel.approvals.badgeTotal,0,
pages.marketingIntel.marketingIntel.approvals.badgeRealtime,0,
pages.marketingIntel.marketingIntel.approvals.badgeSecurity,0,
pages.marketingIntel.marketingIntel.approvals.syncInventory,0,
pages.marketingIntel.marketingIntel.approvals.syncOrders,0,
pages.marketingIntel.marketingIntel.approvals.syncBudgets,0,
pages.marketingIntel.marketingIntel.approvals.syncRules,0,
pages.marketingIntel.marketingIntel.approvals.liveSyncStatus,0,
pages.marketingIntel.marketingIntel.approvals.demoBanner,0,
pages.marketingIntel.marketingIntel.approvals.demoBannerDesc,0,
pages.marketingIntel.marketingIntel.approvals.upgradeBtn,0,
pages.marketingIntel.marketingIntel.approvals.crossTabSync,0,
pages.marketingIntel.marketingIntel.approvals.secTitle,0,
pages.marketingIntel.marketingIntel.approvals.secDesc,0,
pages.marketingIntel.marketingIntel.approvals.secCode,0,
pages.marketingIntel.marketingIntel.approvals.secUnlock,0,
pages.marketingIntel.marketingIntel.approvals.GuardDecide,0,
pages.marketingIntel.marketingIntel.approvals.GuardExecute,0,
pages.marketingIntel.marketingIntel.approvals.status,0,
pages.marketingIntel.marketingIntel.systemMonitor.pageTitle,0,
pages.marketingIntel.marketingIntel.systemMonitor.pageSub,0,
pages.marketingIntel.marketingIntel.systemMonitor.recentVisits,0,
pages.marketingIntel.marketingIntel.systemMonitor.addFavorite,0,
pages.marketingIntel.marketingIntel.systemMonitor.removeFavorite,0,
pages.marketingIntel.marketingIntel.systemMonitor.noFavorites,0,
pages.marketingIntel.marketingIntel.systemMonitor.noRecents,0,
pages.marketingIntel.marketingIntel.systemMonitor.pinned,0,
pages.marketingIntel.marketingIntel.systemMonitor.quickAccess,0,
pages.marketingIntel.marketingIntel.systemMonitor.removeFav,0,
pages.marketingIntel.marketingIntel.systemMonitor.addFav,0,
pages.marketingIntel.marketingIntel.systemMonitor.status_ok,0,
pages.marketingIntel.marketingIntel.systemMonitor.status_warning,0,
pages.marketingIntel.marketingIntel.systemMonitor.status_error,0,
pages.marketingIntel.marketingIntel.systemMonitor.tabApis,0,
pages.marketingIntel.marketingIntel.menuAccess.title,0,
pages.marketingIntel.marketingIntel.menuAccess.desc,0,
pages.marketingIntel.marketingIntel.menuAccess.save,0,
pages.marketingIntel.marketingIntel.menuAccess.saved,0,
pages.marketingIntel.marketingIntel.menuAccess.reset,0,
pages.marketingIntel.marketingIntel.menuAccess.newFeature,0,
pages.marketingIntel.marketingIntel.menuAccess.recommendTitle,0,
pages.marketingIntel.marketingIntel.menuAccess.targetObj,0,
pages.marketingIntel.marketingIntel.menuAccess.saveBtn,0,
pages.marketingIntel.marketingIntel.menuAccess.permRead,0,
pages.marketingIntel.marketingIntel.menuAccess.permCreate,0,
pages.marketingIntel.marketingIntel.menuAccess.permUpdate,0,
pages.marketingIntel.marketingIntel.aiPredict.col.nextPurchase,0,
pages.marketingIntel.marketingIntel.aiPredict.col.prob30,0,
pages.marketingIntel.marketingIntel.aiPredict.col.churn,0,
pages.marketingIntel.marketingIntel.aiPredict.col.ltv12,0,
pages.marketingIntel.marketingIntel.aiPredict.col.detail,0,
pages.marketingIntel.marketingIntel.aiPredict.filterHigh,0,
pages.marketingIntel.marketingIntel.aiPredict.filterMed,0,
pages.marketingIntel.marketingIntel.aiPredict.filterLow,0,
pages.marketingIntel.marketingIntel.aiPredict.pageSub,0,
pages.marketingIntel.marketingIntel.aiPredict.liveDB,0,
pages.marketingIntel.marketingIntel.aiPredict.Sim,0,
pages.marketingIntel.marketingIntel.aiPredict.kpi.k_16,0,
pages.marketingIntel.marketingIntel.aiPredict.kpi.k_17,0,
pages.marketingIntel.marketingIntel.aiPredict.kpi.k_18,0,
pages.marketingIntel.marketingIntel.aiPredict.kpi.k_19,0,
pages.marketingIntel.marketingIntel.aiPredict.kpi.k_20,0,
pages.marketingIntel.marketingIntel.aiPredict.kpi.k_3,0,
pages.marketingIntel.marketingIntel.aiPredict.kpi.k_4,0,
pages.marketingIntel.marketingIntel.aiPredict.kpi.k_5,0,
pages.marketingIntel.marketingIntel.aiPredict.kpi.k_6,0,
pages.marketingIntel.marketingIntel.aiPredict.kpi.k_7,0,
pages.marketingIntel.marketingIntel.aiPredict.kpi.k_8,0,
pages.marketingIntel.marketingIntel.aiPredict.kpi.target,0,
pages.marketingIntel.marketingIntel.aiPredict.kpi.churnRisk,0,
pages.marketingIntel.marketingIntel.aiPredict.kpi.churnAction,0,
pages.marketingIntel.marketingIntel.aiPredict.kpi.highLtv,0,
pages.marketingIntel.marketingIntel.aiPredict.kpi.highLtvSub,0,
pages.marketingIntel.marketingIntel.aiPredict.kpi.revenue,0,
pages.marketingIntel.marketingIntel.aiPredict.kpi.revenueSub,0,
pages.marketingIntel.marketingIntel.aiPredict.kpi.mlAccuracy,0,
pages.marketingIntel.marketingIntel.aiPredict.kpi.mlSub,0,
pages.marketingIntel.marketingIntel.aiPredict.adPerf.title,0,
pages.marketingIntel.marketingIntel.aiPredict.adPerf.team,0,
pages.marketingIntel.marketingIntel.aiPredict.adPerf.channel,0,
pages.marketingIntel.marketingIntel.aiPredict.adPerf.loading,0,
pages.marketingIntel.marketingIntel.aiPredict.adPerf.date,0,
pages.marketingIntel.marketingIntel.aiPredict.adPerf.impressions,0,
pages.marketingIntel.marketingIntel.aiPredict.adPerf.clicks,0,
pages.marketingIntel.marketingIntel.aiPredict.adPerf.conversions,0,
pages.marketingIntel.marketingIntel.aiPredict.adPerf.spend,0,
pages.marketingIntel.marketingIntel.aiPredict.adPerf.cpa,0,
pages.marketingIntel.marketingIntel.aiPredict.adPerf.roas,0,
pages.marketingIntel.marketingIntel.aiPredict.gdpr.required,0,
pages.marketingIntel.marketingIntel.aiPredict.gdpr.panelTitle,0,
pages.marketingIntel.marketingIntel.aiPredict.gdpr.panelSub,0,
pages.marketingIntel.marketingIntel.aiPredict.gdpr.savePref,0,
pages.marketingIntel.marketingIntel.aiPredict.gdpr.policyNote1,0,
pages.marketingIntel.marketingIntel.aiPredict.gdpr.privacyPolicy,0,
pages.marketingIntel.marketingIntel.aiPredict.gdpr.policyNote2,0,
pages.marketingIntel.marketingIntel.aiPredict.gdpr.cookiePolicy,0,
pages.marketingIntel.marketingIntel.aiPredict.gdpr.policyNote3,0,
pages.marketingIntel.marketingIntel.aiPredict.gdpr.bannerTitle,0,
pages.marketingIntel.marketingIntel.aiPredict.gdpr.bannerDesc,0,
pages.marketingIntel.marketingIntel.aiPredict.gdpr.currentConsentStatus,0,
pages.marketingIntel.marketingIntel.aiPredict.gdpr.consented,0,
pages.marketingIntel.marketingIntel.aiPredict.gdpr.notConsented,0,
pages.marketingIntel.marketingIntel.aiPredict.gdpr.consentDate,0,
pages.marketingIntel.marketingIntel.aiPredict.gdpr.unknown,0,
pages.marketingIntel.marketingIntel.aiPredict.gdpr.editSettings,0,
pages.marketingIntel.marketingIntel.aiPredict.gdpr.withdraw,0,
pages.marketingIntel.marketingIntel.aiPredict.gdpr.noConsentInfo,0,
pages.marketingIntel.marketingIntel.aiPredict.gdpr.consentNow,0,
pages.marketingIntel.marketingIntel.aiPredict.gdpr.platformStats,0,
pages.marketingIntel.marketingIntel.aiPredict.gdpr.totalVisitors,0,
pages.marketingIntel.marketingIntel.aiPredict.gdpr.consentRate,0,
pages.marketingIntel.marketingIntel.aiPredict.gdpr.withdrawn,0,
pages.marketingIntel.marketingIntel.aiPredict.gdpr.analytics,0,
pages.marketingIntel.marketingIntel.aiPredict.gdpr.marketing,0,
pages.marketingIntel.marketingIntel.aiPredict.banner.mktLowRoas,0,
pages.marketingIntel.marketingIntel.aiPredict.banner.mktRulesActive,0,
pages.marketingIntel.marketingIntel.aiPredict.banner.mktOptimizeNow,0,
pages.marketingIntel.marketingIntel.aiPredict.banner.mktHubAction,0,
pages.marketingIntel.marketingIntel.aiPredict.banner.mktHighRoas,0,
pages.marketingIntel.marketingIntel.aiPredict.banner.mktHighRoasSub,0,
pages.marketingIntel.marketingIntel.aiPredict.banner.mktBudgetAction,0,
pages.marketingIntel.marketingIntel.aiPredict.banner.crmChurn,0,
pages.marketingIntel.marketingIntel.aiPredict.banner.crmVip,0,
pages.marketingIntel.marketingIntel.aiPredict.banner.crmJourney,0,
pages.marketingIntel.marketingIntel.aiPredict.banner.crmJourneyAction,0,
pages.marketingIntel.marketingIntel.aiPredict.banner.ordersAiRun,0,
pages.marketingIntel.marketingIntel.aiPredict.banner.ordersAiSub,0,
pages.marketingIntel.marketingIntel.aiPredict.banner.ordersCampaignAction,0,
pages.marketingIntel.marketingIntel.aiPredict.banner.triggerTypes.signup,0,
pages.marketingIntel.marketingIntel.aiPredict.banner.triggerTypes.purchase,0,
pages.marketingIntel.marketingIntel.aiPredict.banner.triggerTypes.cart_abandoned,0,
pages.marketingIntel.marketingIntel.aiPredict.banner.triggerTypes.churned,0,
pages.marketingIntel.marketingIntel.aiPredict.banner.triggerTypes.segment_entered,0,
pages.marketingIntel.marketingIntel.aiPredict.banner.triggerTypes.birthday,0,
pages.marketingIntel.marketingIntel.aiPredict.banner.triggerTypes.manual,0,
pages.marketingIntel.marketingIntel.aiPredict.banner.nodeConfig,0,
pages.marketingIntel.marketingIntel.aiPredict.banner.nodeName,0,
pages.marketingIntel.marketingIntel.aiPredict.banner.triggerType,0,
pages.marketingIntel.marketingIntel.aiPredict.banner.emailSubject,0,
pages.marketingIntel.marketingIntel.aiPredict.banner.emailFrom,0,
pages.marketingIntel.marketingIntel.aiPredict.banner.emailSubjectPh,0,
pages.marketingIntel.marketingIntel.aiPredict.banner.emailSenderPh,0,
pages.marketingIntel.marketingIntel.aiPredict.banner.emailTestSend,0,
pages.marketingIntel.marketingIntel.aiPredict.banner.emailSimulate,0,
pages.marketingIntel.marketingIntel.aiPredict.banner.kakaoTemplate,0,
pages.marketingIntel.marketingIntel.aiPredict.banner.kakaoMsgType,0,
pages.marketingIntel.marketingIntel.aiPredict.banner.kakaoAlimtalk,0,
pages.marketingIntel.marketingIntel.aiPredict.banner.kakaoFriendtalk,0,
pages.marketingIntel.marketingIntel.aiPredict.banner.kakaoTest,0,
pages.marketingIntel.marketingIntel.aiPredict.banner.lineTemplate,0,
pages.marketingIntel.marketingIntel.aiPredict.banner.lineMsgType,0,
pages.marketingIntel.marketingIntel.aiPredict.banner.lineTestSend,0,
pages.marketingIntel.marketingIntel.aiPredict.banner.lineSimulate,0,
pages.marketingIntel.marketingIntel.aiPredict.banner.delayTime,0,
pages.marketingIntel.marketingIntel.aiPredict.banner.delayUnit,0,
pages.marketingIntel.marketingIntel.aiPredict.banner.minutes,0,
pages.marketingIntel.marketingIntel.aiPredict.banner.hours,0,
pages.marketingIntel.marketingIntel.aiPredict.banner.days,0,
pages.marketingIntel.marketingIntel.aiPredict.banner.conditionField,0,
pages.marketingIntel.marketingIntel.aiPredict.banner.conditionEmailClicked,0,
pages.marketingIntel.marketingIntel.aiPredict.banner.conditionEmailOpened,0,
pages.marketingIntel.marketingIntel.aiPredict.banner.conditionPurchased,0,
pages.marketingIntel.marketingIntel.aiPredict.banner.conditionLtvGt,0,
pages.marketingIntel.marketingIntel.aiPredict.banner.conditionKakaoClicked,0,
pages.marketingIntel.marketingIntel.aiPredict.banner.conditionLineClicked,0,
pages.marketingIntel.marketingIntel.aiPredict.banner.abGroupA,0,
pages.marketingIntel.marketingIntel.aiPredict.banner.abGroupB,0,
pages.marketingIntel.marketingIntel.aiPredict.banner.deleteNode,0,
pages.marketingIntel.marketingIntel.aiPredict.banner.backToList,0,
pages.marketingIntel.marketingIntel.aiPredict.banner.saving,0,
pages.marketingIntel.marketingIntel.aiPredict.banner.save,0,
pages.marketingIntel.marketingIntel.aiPredict.banner.Simulation,0,
pages.marketingIntel.marketingIntel.aiPredict.banner.execLog,0,
pages.marketingIntel.marketingIntel.aiPredict.banner.recentTriggers,0,
pages.marketingIntel.marketingIntel.aiPredict.banner.clickToEdit,0,
pages.marketingIntel.marketingIntel.aiPredict.banner.emailSendSim,0,
pages.marketingIntel.marketingIntel.aiPredict.banner.kakaoSendSim,0,
pages.marketingIntel.marketingIntel.aiPredict.banner.lineSendSim,0,
pages.marketingIntel.marketingIntel.aiPredict.channelKpiPage.achieved,0,
pages.marketingIntel.marketingIntel.aiPredict.channelKpiPage.brandAwareness,0,
pages.marketingIntel.marketingIntel.aiPredict.channelKpiPage.brandAwarenessDesc,0,
pages.marketingIntel.marketingIntel.aiPredict.channelKpiPage.webTraffic,0,
pages.marketingIntel.marketingIntel.aiPredict.channelKpiPage.webTrafficDesc,0,
pages.marketingIntel.marketingIntel.aiPredict.channelKpiPage.inquiriesPurchases,0,
pages.marketingIntel.marketingIntel.aiPredict.channelKpiPage.inquiriesPurchasesDesc,0,
pages.marketingIntel.marketingIntel.aiPredict.channelKpiPage.bizGoalSetting,0,
pages.marketingIntel.marketingIntel.aiPredict.channelKpiPage.selected,0,
pages.marketingIntel.marketingIntel.aiPredict.channelKpiPage.clickSelect,0,
pages.marketingIntel.marketingIntel.aiPredict.channelKpiPage.selectedGoals,0,
pages.marketingIntel.marketingIntel.aiPredict.channelKpiPage.pleaseSelectGoal,0,
pages.marketingIntel.marketingIntel.aiPredict.channelKpiPage.chSearchAds,0,
pages.marketingIntel.marketingIntel.aiPredict.channelKpiPage.roleCaptureIntent,0,
pages.marketingIntel.marketingIntel.aiPredict.channelKpiPage.ctr,0,
pages.marketingIntel.marketingIntel.aiPredict.channelKpiPage.cpc,0,
pages.marketingIntel.marketingIntel.aiPredict.channelKpiPage.convRate,0,
pages.marketingIntel.marketingIntel.aiPredict.channelKpiPage.cpa,0,
pages.marketingIntel.marketingIntel.aiPredict.channelKpiPage.roas,0,
pages.marketingIntel.marketingIntel.aiPredict.channelKpiPage.descCaptureIntent,0,
pages.marketingIntel.marketingIntel.aiPredict.channelKpiPage.chSnsAds,0,
pages.marketingIntel.marketingIntel.aiPredict.channelKpiPage.roleBrandReach,0,
pages.marketingIntel.marketingIntel.aiPredict.channelKpiPage.reach,0,
pages.marketingIntel.marketingIntel.aiPredict.channelKpiPage.engagement,0,
pages.marketingIntel.marketingIntel.aiPredict.channelKpiPage.videoViews,0,
pages.marketingIntel.marketingIntel.aiPredict.channelKpiPage.descBrandReach,0,
pages.marketingIntel.marketingIntel.aiPredict.channelKpiPage.chBlog,0,
pages.marketingIntel.marketingIntel.aiPredict.channelKpiPage.roleInfoTrust,0,
pages.marketingIntel.marketingIntel.aiPredict.channelKpiPage.pageViews,0,
pages.marketingIntel.marketingIntel.aiPredict.channelKpiPage.visitors,0,
pages.marketingIntel.marketingIntel.aiPredict.channelKpiPage.avgTime,0,
pages.marketingIntel.marketingIntel.aiPredict.channelKpiPage.searchTraffic,0,
pages.marketingIntel.marketingIntel.aiPredict.channelKpiPage.descInfoTrust,0,
pages.marketingIntel.marketingIntel.aiPredict.channelKpiPage.chCommunity,0,
pages.marketingIntel.marketingIntel.aiPredict.channelKpiPage.roleCustRel,0,
pages.marketingIntel.marketingIntel.aiPredict.channelKpiPage.postViews,0,
pages.marketingIntel.marketingIntel.aiPredict.channelKpiPage.comments,0,
pages.marketingIntel.marketingIntel.aiPredict.channelKpiPage.inquiries,0,
pages.marketingIntel.marketingIntel.aiPredict.channelKpiPage.newMembers,0,
pages.marketingIntel.marketingIntel.aiPredict.channelKpiPage.descCustRel,0,
pages.marketingIntel.marketingIntel.aiPredict.channelKpiPage.channelRoleDef,0,
pages.marketingIntel.marketingIntel.aiPredict.channelKpiPage.coreKpis,0,
pages.marketingIntel.marketingIntel.aiPredict.channelKpiPage.lblCtrFull,0,
pages.marketingIntel.marketingIntel.aiPredict.channelKpiPage.hintCtr,0,
pages.marketingIntel.marketingIntel.aiPredict.channelKpiPage.lblConvRate,0,
pages.marketingIntel.marketingIntel.aiPredict.channelKpiPage.hintConvRate,0,
pages.marketingIntel.marketingIntel.aiPredict.channelKpiPage.lblCpaFull,0,
pages.marketingIntel.marketingIntel.aiPredict.channelKpiPage.hintCpa,0,
pages.marketingIntel.marketingIntel.aiPredict.channelKpiPage.lblRoasFull,0,
pages.marketingIntel.marketingIntel.aiPredict.channelKpiPage.hintRoas,0,
pages.marketingIntel.marketingIntel.aiPredict.channelKpiPage.lblCpcFull,0,
pages.marketingIntel.marketingIntel.aiPredict.channelKpiPage.hintCpc,0,
pages.marketingIntel.marketingIntel.aiPredict.channelKpiPage.targetSetup,0,
pages.marketingIntel.marketingIntel.aiPredict.channelKpiPage.noData,0,
pages.marketingIntel.marketingIntel.aiPredict.channelKpiPage.snsKpiOverview,0,
pages.marketingIntel.marketingIntel.aiPredict.channelKpiPage.allChannels,0,
pages.marketingIntel.marketingIntel.aiPredict.channelKpiPage.snsKpiByChannel,0,
pages.marketingIntel.marketingIntel.aiPredict.channelKpiPage.channelCol,0,
pages.marketingIntel.marketingIntel.aiPredict.channelKpiPage.contentKpi,0,
pages.marketingIntel.marketingIntel.aiPredict.channelKpiPage.contentImpressions,0,
pages.marketingIntel.marketingIntel.aiPredict.channelKpiPage.siteTraffic,0,
pages.marketingIntel.marketingIntel.aiPredict.channelKpiPage.contentEngage,0,
pages.marketingIntel.marketingIntel.aiPredict.channelKpiPage.seoImpact,0,
pages.marketingIntel.marketingIntel.aiPredict.channelKpiPage.monthlyTrend,0,
pages.marketingIntel.marketingIntel.aiPredict.channelKpiPage.currentMonth,0,
pages.marketingIntel.marketingIntel.aiPredict.channelKpiPage.naverCafe,0,
pages.marketingIntel.marketingIntel.aiPredict.channelKpiPage.kakaoGuild,0,
pages.marketingIntel.marketingIntel.aiPredict.channelKpiPage.communityKpi,0,
pages.marketingIntel.marketingIntel.aiPredict.channelKpiPage.contentInterest,0,
pages.marketingIntel.marketingIntel.aiPredict.channelKpiPage.communityAct,0,
pages.marketingIntel.marketingIntel.aiPredict.channelKpiPage.interestConv,0,
pages.marketingIntel.marketingIntel.aiPredict.channelKpiPage.communityGrowth,0,
pages.marketingIntel.marketingIntel.aiPredict.channelKpiPage.share,0,
pages.marketingIntel.marketingIntel.aiPredict.channelKpiPage.descCtr,0,
pages.marketingIntel.marketingIntel.aiPredict.channelKpiPage.descConvRate,0,
pages.marketingIntel.marketingIntel.aiPredict.channelKpiPage.descCpa,0,
pages.marketingIntel.marketingIntel.aiPredict.channelKpiPage.descRoas,0,
pages.marketingIntel.marketingIntel.aiPredict.channelKpiPage.descCpc,0,
pages.marketingIntel.marketingIntel.aiPredict.channelKpiPage.targetVsActuals,0,
pages.marketingIntel.marketingIntel.aiPredict.channelKpiPage.overallAchieve,0,
pages.marketingIntel.marketingIntel.aiPredict.channelKpiPage.achievedOk,0,
pages.marketingIntel.marketingIntel.aiPredict.channelKpiPage.belowTarget,0,
pages.marketingIntel.marketingIntel.aiPredict.channelKpiPage.chkEff,0,
pages.marketingIntel.marketingIntel.aiPredict.channelKpiPage.chkCostPerf,0,
pages.marketingIntel.marketingIntel.aiPredict.channelKpiPage.chkImprove,0,
pages.marketingIntel.marketingIntel.aiPredict.channelKpiPage.monitorAi,0,
pages.marketingIntel.marketingIntel.aiPredict.channelKpiPage.claudeAiTitle,0,
pages.marketingIntel.marketingIntel.aiPredict.channelKpiPage.claudeAiDesc,0,
pages.marketingIntel.marketingIntel.aiPredict.channelKpiPage.weeklyAi,0,
pages.marketingIntel.marketingIntel.aiPredict.channelKpiPage.monthlyAi,0,
pages.marketingIntel.marketingIntel.aiPredict.channelKpiPage.aiAnalyzing,0,
pages.marketingIntel.marketingIntel.aiPredict.channelKpiPage.runAi,0,
pages.marketingIntel.marketingIntel.aiPredict.channelKpiPage.aiSummary,0,
pages.marketingIntel.marketingIntel.aiPredict.channelKpiPage.strengths,0,
pages.marketingIntel.marketingIntel.aiPredict.channelKpiPage.weaknesses,0,
pages.marketingIntel.marketingIntel.aiPredict.channelKpiPage.improveRecs,0,
pages.marketingIntel.marketingIntel.aiPredict.channelKpiPage.weeklyAdTrend,0,
pages.marketingIntel.marketingIntel.aiPredict.channelKpiPage.period,0,
pages.marketingIntel.marketingIntel.aiPredict.channelKpiPage.checklist,0,
pages.marketingIntel.marketingIntel.aiPredict.channelKpiPage.aiHistoryList,0,
pages.marketingIntel.marketingIntel.aiPredict.channelKpiPage.noHistory,0,
pages.marketingIntel.marketingIntel.aiPredict.channelKpiPage.tabGoals,0,
pages.marketingIntel.marketingIntel.aiPredict.channelKpiPage.tabRoles,0,
pages.marketingIntel.marketingIntel.aiPredict.channelKpiPage.tabSetup,0,
pages.marketingIntel.marketingIntel.aiPredict.channelKpiPage.tabSns,0,
pages.marketingIntel.marketingIntel.aiPredict.channelKpiPage.tabContent,0,
pages.marketingIntel.marketingIntel.aiPredict.channelKpiPage.tabCommunity,0,
pages.marketingIntel.marketingIntel.aiPredict.channelKpiPage.tabTargets,0,
pages.marketingIntel.marketingIntel.aiPredict.channelKpiPage.tabMonitor,0,
pages.marketingIntel.marketingIntel.aiPredict.channelKpiPage.pageTitle,0,
pages.marketingIntel.marketingIntel.aiPredict.channelKpiPage.heroDesc,0,
pages.marketingIntel.marketingIntel.aiPredict.channelKpiPage.badgeAdSpend,0,
pages.marketingIntel.marketingIntel.aiPredict.channelKpiPage.badgeBlendedRoas,0,
pages.marketingIntel.marketingIntel.aiPredict.channelKpiPage.badgeOrders,0,
pages.marketingIntel.marketingIntel.aiPredict.channelKpiPage.badgeOpProfit,0,
pages.marketingIntel.marketingIntel.aiPredict.unified.mainTitle,0,
pages.marketingIntel.marketingIntel.aiPredict.unified.heroDesc,0,
pages.marketingIntel.marketingIntel.aiPredict.unified.step1,0,
pages.marketingIntel.marketingIntel.aiPredict.unified.step2,0,
pages.marketingIntel.marketingIntel.aiPredict.unified.step3,0,
pages.marketingIntel.marketingIntel.aiPredict.unified.qBudget,0,
pages.marketingIntel.marketingIntel.aiPredict.unified.budgetSub,0,
pages.marketingIntel.marketingIntel.aiPredict.unified.whichCategory,0,
pages.marketingIntel.marketingIntel.aiPredict.unified.catFashion,0,
pages.marketingIntel.marketingIntel.aiPredict.unified.catBeauty,0,
pages.marketingIntel.marketingIntel.aiPredict.unified.catFood,0,
pages.marketingIntel.marketingIntel.aiPredict.unified.catTech,0,
pages.marketingIntel.marketingIntel.aiPredict.unified.catTravel,0,
pages.marketingIntel.marketingIntel.aiPredict.unified.catSoftware,0,
pages.marketingIntel.marketingIntel.aiPredict.unified.catGeneral,0,
pages.marketingIntel.marketingIntel.aiPredict.unified.campName,0,
pages.marketingIntel.marketingIntel.aiPredict.unified.budgetLabel,0,
pages.marketingIntel.marketingIntel.aiPredict.unified.budgetErr,0,
pages.marketingIntel.marketingIntel.aiPredict.unified.simulating,0,
pages.marketingIntel.marketingIntel.aiPredict.unified.btnSimulate,0,
pages.marketingIntel.marketingIntel.aiPredict.unified.mixTitle,0,
pages.marketingIntel.marketingIntel.aiPredict.unified.mixSub,0,
pages.marketingIntel.marketingIntel.aiPredict.unified.estRoas,0,
pages.marketingIntel.marketingIntel.aiPredict.unified.estConv,0,
pages.marketingIntel.marketingIntel.aiPredict.unified.cases,0,
pages.marketingIntel.marketingIntel.aiPredict.unified.expRoas,0,
pages.marketingIntel.marketingIntel.aiPredict.unified.btnRetry,0,
pages.marketingIntel.marketingIntel.aiPredict.unified.btnNext,0,
pages.marketingIntel.marketingIntel.aiPredict.unified.launchTitle,0,
pages.marketingIntel.marketingIntel.aiPredict.unified.launchSub,0,
pages.marketingIntel.marketingIntel.aiPredict.unified.payMethod,0,
pages.marketingIntel.marketingIntel.aiPredict.unified.corporateCard,0,
pages.marketingIntel.marketingIntel.aiPredict.unified.totalAmt,0,
pages.marketingIntel.marketingIntel.aiPredict.unified.btnReview,0,
pages.marketingIntel.marketingIntel.aiPredict.unified.btnLaunching,0,
pages.marketingIntel.marketingIntel.aiPredict.unified.btnLaunch,0,
pages.marketingIntel.marketingIntel.aiPredict.unified.alertSuccess,0,
pages.marketingIntel.marketingIntel.aiPredict.influencerUGC.txt_WhitelistA_4,0,
pages.marketingIntel.marketingIntel.aiPredict.influencerUGC.txt_Percontrac_8,0,
pages.marketingIntel.marketingIntel.aiPredict.influencerUGC.txt_ActualPaid_9,0,
pages.marketingIntel.marketingIntel.aiPredict.influencerUGC.txt_Difference_10,0,
pages.marketingIntel.marketingIntel.aiPredict.influencerUGC.txt_CreatorROI_11,0,
pages.marketingIntel.marketingIntel.aiPredict.influencerUGC.txt_Engagement_12,0,
pages.marketingIntel.marketingIntel.aiPredict.influencerUGC.txt_AdCreative_13,0,
pages.marketingIntel.marketingIntel.aiPredict.influencerUGC.txt_ProductPag_14,0,
pages.marketingIntel.marketingIntel.aiPredict.influencerUGC.txt_Channelper_15,0,
pages.marketingIntel.marketingIntel.aiPredict.influencerUGC.txt_부정키워드Top5_16,0,
pages.marketingIntel.marketingIntel.aiPredict.influencerUGC.txt_부정키워드급증10건_17,0,
pages.marketingIntel.marketingIntel.aiPredict.influencerUGC.txt_리뷰피드_18,0,
pages.marketingIntel.marketingIntel.aiPredict.influencerUGC.txt_All감성_19,0,
pages.marketingIntel.marketingIntel.aiPredict.influencerUGC.txt_긍정_20,0,
pages.marketingIntel.marketingIntel.aiPredict.influencerUGC.txt_inprogress_21,0,
pages.marketingIntel.marketingIntel.aiPredict.influencerUGC.txt_부정_22,0,
pages.marketingIntel.marketingIntel.aiPredict.influencerUGC.txt_CS대응_23,0,
pages.marketingIntel.marketingIntel.aiPredict.influencerUGC.txt_SearchResultNo_24,0,
pages.marketingIntel.marketingIntel.aiPredict.influencerUGC.txt_AI인플루언서평가A_25,0,
pages.marketingIntel.marketingIntel.aiPredict.influencerUGC.txt_평가항목per점Co_26,0,
pages.marketingIntel.marketingIntel.aiPredict.influencerUGC.txt_실적_27,0,
pages.marketingIntel.marketingIntel.aiPredict.influencerUGC.txt_강점_28,0,
pages.marketingIntel.marketingIntel.aiPredict.influencerUGC.txt_개선포인트_29,0,
pages.marketingIntel.marketingIntel.aiPredict.influencerUGC.txt_AI적정Commis_30,0,
pages.marketingIntel.marketingIntel.aiPredict.influencerUGC.txt_지역연령성per참여_31,0,
pages.marketingIntel.marketingIntel.aiPredict.influencerUGC.txt_AI인플루언서종합평_32,0,
pages.marketingIntel.marketingIntel.aiPredict.influencerUGC.txt_ClaudeSonn_33,0,
pages.marketingIntel.marketingIntel.aiPredict.influencerUGC.txt_지역연령성per참여_34,0,
pages.marketingIntel.marketingIntel.aiPredict.influencerUGC.txt_ClaudeAI가C_35,0,
pages.marketingIntel.marketingIntel.aiPredict.influencerUGC.txt_평가대상Creato_36,0,
pages.marketingIntel.marketingIntel.aiPredict.influencerUGC.txt_AI평가RunBut_37,0,
pages.marketingIntel.marketingIntel.aiPredict.influencerUGC.txt_포트폴리오종합Ana_38,0,
pages.marketingIntel.marketingIntel.aiPredict.influencerUGC.txt_CreatorAI평_39,0,
pages.marketingIntel.marketingIntel.aiPredict.influencerUGC.txt_행Clicks시항목_40,0,
pages.marketingIntel.marketingIntel.aiPredict.influencerUGC.txt_AI점Count_41,0,
pages.marketingIntel.marketingIntel.aiPredict.influencerUGC.txt_계약갱신Recommendations_42,0,
pages.marketingIntel.marketingIntel.aiPredict.influencerUGC.txt_권장Commissi_43,0,
pages.marketingIntel.marketingIntel.aiPredict.influencerUGC.txt_포트폴리오전략인사이_44,0,
pages.marketingIntel.marketingIntel.aiPredict.influencerUGC.txt_Budget최적화제_45,0,
pages.marketingIntel.marketingIntel.aiPredict.influencerUGC.txt_AI재Analysi_46,0,
pages.marketingIntel.marketingIntel.aiPredict.influencerUGC.txt_All리뷰_47,0,
pages.marketingIntel.marketingIntel.aiPredict.influencerUGC.txt_4개Channel합_48,0,
pages.marketingIntel.marketingIntel.aiPredict.influencerUGC.txt_Average평점_49,0,
pages.marketingIntel.marketingIntel.aiPredict.influencerUGC.txt_전Channel가i_50,0,
pages.marketingIntel.marketingIntel.aiPredict.influencerUGC.txt_부정리뷰_51,0,
pages.marketingIntel.marketingIntel.aiPredict.influencerUGC.txt_즉시대응필요_52,0,
pages.marketingIntel.marketingIntel.aiPredict.influencerUGC.txt_긍정Rate_53,0,
pages.marketingIntel.marketingIntel.aiPredict.influencerUGC.txt_전월31p_54,0,
pages.marketingIntel.marketingIntel.aiPredict.influencerUGC.u_0,0,
pages.marketingIntel.marketingIntel.aiPredict.influencerUGC.u_1,0,
pages.marketingIntel.marketingIntel.aiPredict.influencerUGC.u_2,0,
pages.marketingIntel.marketingIntel.aiPredict.influencerUGC.u_3,0,
pages.marketingIntel.marketingIntel.aiPredict.influencerUGC.u_4,0,
pages.marketingIntel.marketingIntel.aiPredict.influencerUGC.u_5,0,
pages.marketingIntel.marketingIntel.aiPredict.influencerUGC.u_6,0,
pages.marketingIntel.marketingIntel.aiPredict.influencerUGC.u_7,0,
pages.marketingIntel.marketingIntel.aiPredict.influencerUGC.u_8,0,
pages.marketingIntel.marketingIntel.aiPredict.influencerUGC.u_9,0,
pages.marketingIntel.marketingIntel.aiPredict.influencerUGC.u_10,0,
pages.marketingIntel.marketingIntel.aiPredict.influencerUGC.u_11,0,
pages.marketingIntel.marketingIntel.aiPredict.influencerUGC.u_12,0,
pages.marketingIntel.marketingIntel.aiPredict.influencerUGC.u_13,0,
pages.marketingIntel.marketingIntel.aiPredict.influencerUGC.u_14,0,
pages.marketingIntel.marketingIntel.aiPredict.influencerUGC.u_15,0,
pages.marketingIntel.marketingIntel.aiPredict.influencerUGC.u_16,0,
pages.marketingIntel.marketingIntel.aiPredict.influencerUGC.u_17,0,
pages.marketingIntel.marketingIntel.aiPredict.influencerUGC.u_18,0,
pages.marketingIntel.marketingIntel.aiPredict.influencerUGC.u_19,0,
pages.marketingIntel.marketingIntel.aiPredict.influencerUGC.u_20,0,
pages.marketingIntel.marketingIntel.aiPredict.influencerUGC.u_21,0,
pages.marketingIntel.marketingIntel.aiPredict.influencerUGC.u_22,0,
pages.marketingIntel.marketingIntel.aiPredict.influencerUGC.u_23,0,
pages.marketingIntel.marketingIntel.aiPredict.influencerUGC.u_24,0,
pages.marketingIntel.marketingIntel.aiPredict.influencerUGC.u_25,0,
pages.marketingIntel.marketingIntel.aiPredict.influencerUGC.u_26,0,
pages.marketingIntel.marketingIntel.aiPredict.influencerUGC.u_27,0,
pages.marketingIntel.marketingIntel.aiPredict.influencerUGC.u_28,0,
pages.marketingIntel.marketingIntel.aiPredict.influencerUGC.u_29,0,
pages.marketingIntel.marketingIntel.aiPredict.influencerUGC.u_30,0,
pages.marketingIntel.marketingIntel.aiPredict.influencerUGC.u_31,0,
pages.marketingIntel.marketingIntel.aiPredict.influencerUGC.u_32,0,
pages.marketingIntel.marketingIntel.aiPredict.influencerUGC.u_33,0,
pages.marketingIntel.marketingIntel.aiPredict.influencerUGC.u_34,0,
pages.marketingIntel.marketingIntel.aiPredict.influencerUGC.u_35,0,
pages.marketingIntel.marketingIntel.aiPredict.influencerUGC.u_36,0,
pages.marketingIntel.marketingIntel.aiPredict.influencerUGC.u_37,0,
pages.marketingIntel.marketingIntel.aiPredict.influencerUGC.u_38,0,
pages.marketingIntel.marketingIntel.aiPredict.influencerUGC.u_39,0,
pages.marketingIntel.marketingIntel.aiPredict.influencerUGC.u_40,0,
pages.marketingIntel.marketingIntel.aiPredict.influencerUGC.u_41,0,
pages.marketingIntel.marketingIntel.aiPredict.influencerUGC.u_42,0,
pages.marketingIntel.marketingIntel.aiPredict.influencerUGC.u_43,0,
pages.marketingIntel.marketingIntel.aiPredict.influencerUGC.u_44,0,
pages.marketingIntel.marketingIntel.aiPredict.influencerUGC.u_45,0,
pages.marketingIntel.marketingIntel.aiPredict.influencerUGC.u_46,0,
pages.marketingIntel.marketingIntel.aiPredict.influencerUGC.u_47,0,
pages.marketingIntel.marketingIntel.aiPredict.influencerUGC.u_48,0,
pages.marketingIntel.marketingIntel.aiPredict.influencerUGC.u_49,0,
pages.marketingIntel.marketingIntel.aiPredict.influencerUGC.u_50,0,
pages.marketingIntel.marketingIntel.aiPredict.influencerUGC.u_51,0,
pages.marketingIntel.marketingIntel.aiPredict.influencerUGC.u_52,0,
pages.marketingIntel.marketingIntel.aiPredict.influencerUGC.u_53,0,
pages.marketingIntel.marketingIntel.aiPredict.influencerUGC.u_54,0,
pages.marketingIntel.marketingIntel.aiPredict.influencerUGC.u_55,0,
pages.marketingIntel.marketingIntel.aiPredict.influencerUGC.u_56,0,
pages.marketingIntel.marketingIntel.aiPredict.influencerUGC.u_57,0,
pages.marketingIntel.marketingIntel.aiPredict.influencerUGC.u_58,0,
pages.marketingIntel.marketingIntel.aiPredict.influencerUGC.u_59,0,
pages.marketingIntel.marketingIntel.aiPredict.influencerUGC.u_60,0,
pages.marketingIntel.marketingIntel.aiPredict.influencerUGC.u_61,0,
pages.marketingIntel.marketingIntel.aiPredict.influencerUGC.u_62,0,
pages.marketingIntel.marketingIntel.aiPredict.influencerUGC.u_63,0,
pages.marketingIntel.marketingIntel.aiPredict.influencerUGC.u_64,0,
pages.marketingIntel.marketingIntel.aiPredict.influencerUGC.u_65,0,
pages.marketingIntel.marketingIntel.aiPredict.influencerUGC.u_66,0,
pages.marketingIntel.marketingIntel.aiPredict.influencerUGC.u_67,0,
pages.marketingIntel.marketingIntel.aiPredict.influencerUGC.u_68,0,
pages.marketingIntel.marketingIntel.aiPredict.influencerUGC.u_69,0,
pages.marketingIntel.marketingIntel.aiPredict.influencerUGC.u_70,0,
pages.marketingIntel.marketingIntel.aiPredict.influencerUGC.u_71,0,
pages.marketingIntel.marketingIntel.aiPredict.influencerUGC.u_72,0,
pages.marketingIntel.marketingIntel.aiPredict.influencerUGC.u_73,0,
pages.marketingIntel.marketingIntel.aiPredict.influencerUGC.u_74,0,
pages.marketingIntel.marketingIntel.aiPredict.influencerUGC.u_75,0,
pages.marketingIntel.marketingIntel.aiPredict.influencerUGC.u_76,0,
pages.marketingIntel.marketingIntel.aiPredict.influencerUGC.u_77,0,
pages.marketingIntel.marketingIntel.aiPredict.influencerUGC.u_78,0,
pages.marketingIntel.marketingIntel.aiPredict.influencerUGC.u_79,0,
pages.marketingIntel.marketingIntel.aiPredict.influencerUGC.u_80,0,
pages.marketingIntel.marketingIntel.aiPredict.influencerUGC.u_81,0,
pages.marketingIntel.marketingIntel.aiPredict.influencerUGC.u_82,0,
pages.marketingIntel.marketingIntel.aiPredict.influencerUGC.u_83,0,
pages.marketingIntel.marketingIntel.aiPredict.influencerUGC.u_84,0,
pages.marketingIntel.marketingIntel.aiPredict.influencerUGC.u_85,0,
pages.marketingIntel.marketingIntel.aiPredict.influencerUGC.u_86,0,
pages.marketingIntel.marketingIntel.aiPredict.influencerUGC.u_87,0,
pages.marketingIntel.marketingIntel.aiPredict.influencerUGC.u_88,0,
pages.marketingIntel.marketingIntel.aiPredict.influencerUGC.u_89,0,
pages.marketingIntel.marketingIntel.aiPredict.influencerUGC.u_90,0,
pages.marketingIntel.marketingIntel.aiPredict.influencerUGC.u_91,0,
pages.marketingIntel.marketingIntel.aiPredict.influencerUGC.u_92,0,
pages.marketingIntel.marketingIntel.aiPredict.influencerUGC.u_93,0,
pages.marketingIntel.marketingIntel.aiPredict.influencerUGC.u_94,0,
pages.marketingIntel.marketingIntel.aiPredict.influencerUGC.u_95,0,
pages.marketingIntel.marketingIntel.aiPredict.influencerUGC.u_96,0,
pages.marketingIntel.marketingIntel.aiPredict.influencerUGC.u_97,0,
pages.marketingIntel.marketingIntel.aiPredict.influencerUGC.u_98,0,
pages.marketingIntel.marketingIntel.aiPredict.influencerUGC.u_99,0,
pages.marketingIntel.marketingIntel.aiPredict.influencerUGC.u_100,0,
pages.marketingIntel.marketingIntel.aiPredict.influencerUGC.u_101,0,
pages.marketingIntel.marketingIntel.aiPredict.influencerUGC.u_102,0,
pages.marketingIntel.marketingIntel.aiPredict.influencerUGC.u_103,0,
pages.marketingIntel.marketingIntel.aiPredict.influencerUGC.u_104,0,
pages.marketingIntel.marketingIntel.aiPredict.influencerUGC.u_105,0,
pages.marketingIntel.marketingIntel.aiPredict.influencerUGC.u_106,0,
pages.marketingIntel.marketingIntel.aiPredict.influencerUGC.u_107,0,
pages.marketingIntel.marketingIntel.aiPredict.influencerUGC.u_108,0,
pages.marketingIntel.marketingIntel.aiPredict.influencerUGC.u_109,0,
pages.marketingIntel.marketingIntel.aiPredict.influencerUGC.u_110,0,
pages.marketingIntel.marketingIntel.aiPredict.influencerUGC.u_111,0,
pages.marketingIntel.marketingIntel.aiPredict.influencerUGC.u_112,0,
pages.marketingIntel.marketingIntel.aiPredict.influencerUGC.u_113,0,
pages.marketingIntel.marketingIntel.aiPredict.influencerUGC.u_114,0,
pages.marketingIntel.marketingIntel.aiPredict.influencerUGC.u_115,0,
pages.marketingIntel.marketingIntel.aiPredict.influencerUGC.v_100,0,
pages.marketingIntel.marketingIntel.aiPredict.influencerUGC.v_101,0,
pages.marketingIntel.marketingIntel.aiPredict.influencerUGC.v_102,0,
pages.marketingIntel.marketingIntel.aiPredict.influencerUGC.v_103,0,
pages.marketingIntel.marketingIntel.aiPredict.influencerUGC.v_104,0,
pages.marketingIntel.marketingIntel.aiPredict.influencerUGC.v_105,0,
pages.marketingIntel.marketingIntel.aiPredict.influencerUGC.v_106,0,
pages.marketingIntel.marketingIntel.aiPredict.influencerUGC.v_107,0,
pages.marketingIntel.marketingIntel.aiPredict.influencerUGC.v_108,0,
pages.marketingIntel.marketingIntel.aiPredict.influencerUGC.v_109,0,
pages.marketingIntel.marketingIntel.aiPredict.influencerUGC.v_110,0,
pages.marketingIntel.marketingIntel.aiPredict.influencerUGC.v_111,0,
pages.marketingIntel.marketingIntel.aiPredict.influencerUGC.v_112,0,
pages.marketingIntel.marketingIntel.aiPredict.influencerUGC.v_113,0,
pages.marketingIntel.marketingIntel.aiPredict.influencerUGC.w_200,0,
pages.marketingIntel.marketingIntel.aiPredict.influencerUGC.w_201,0,
pages.marketingIntel.marketingIntel.aiPredict.influencerUGC.w_202,0,
pages.marketingIntel.marketingIntel.aiPredict.influencerUGC.w_203,0,
pages.marketingIntel.marketingIntel.aiPredict.influencerUGC.w_204,0,
pages.marketingIntel.marketingIntel.aiPredict.influencerUGC.w_205,0,
pages.marketingIntel.marketingIntel.aiPredict.influencerUGC.w_206,0,
pages.marketingIntel.marketingIntel.aiPredict.influencerUGC.w_207,0,
pages.marketingIntel.marketingIntel.aiPredict.influencerUGC.w_300,0,
pages.marketingIntel.marketingIntel.aiPredict.influencerUGC.w_301,0,
pages.marketingIntel.marketingIntel.aiPredict.influencerUGC.w_302,0,
pages.marketingIntel.marketingIntel.aiPredict.influencerUGC.w_303,0,
pages.marketingIntel.marketingIntel.aiPredict.influencerUGC.w_304,0,
pages.marketingIntel.marketingIntel.aiPredict.influencerUGC.w_305,0,
pages.marketingIntel.marketingIntel.aiPredict.influencerUGC.w_400,0,
pages.marketingIntel.marketingIntel.aiPredict.influencerUGC.w_401,0,
pages.marketingIntel.marketingIntel.aiPredict.influencerUGC.w_402,0,
pages.marketingIntel.marketingIntel.aiPredict.influencerUGC.unit_persons,0,
pages.marketingIntel.marketingIntel.aiPredict.influencerUGC.unit_items,0,
pages.marketingIntel.marketingIntel.aiPredict.influencerUGC.txt_Search결과No_24,0,
pages.marketingIntel.marketingIntel.aiPredict.influencerUGC.txt_계약갱신권고_42,0,
pages.marketingIntel.marketingIntel.aiPredict.workspace.title,0,
pages.marketingIntel.marketingIntel.aiPredict.tab.ltv,0,
pages.marketingIntel.marketingIntel.aiPredict.tab.graph,0,
pages.marketingIntel.marketingIntel.aiPredict.tab.model,0,
pages.marketingIntel.marketingIntel.aiPredict.tab.integration,0,
pages.marketingIntel.marketingIntel.aiPredict.loading,0,
pages.marketingIntel.marketingIntel.aiPredict.retry,0,
pages.marketingIntel.marketingIntel.aiPredict.filterAll,0,
pages.marketingIntel.marketingIntel.aiPredict.bulkAction,0,
pages.marketingIntel.marketingIntel.aiPredict.noResults,0,
pages.marketingIntel.marketingIntel.adPerf.title,0,
pages.marketingIntel.marketingIntel.adPerf.team,0,
pages.marketingIntel.marketingIntel.adPerf.channel,0,
pages.marketingIntel.marketingIntel.adPerf.loading,0,
pages.marketingIntel.marketingIntel.adPerf.date,0,
pages.marketingIntel.marketingIntel.adPerf.impressions,0,
pages.marketingIntel.marketingIntel.adPerf.clicks,0,
pages.marketingIntel.marketingIntel.adPerf.conversions,0,
pages.marketingIntel.marketingIntel.adPerf.spend,0,
pages.marketingIntel.marketingIntel.adPerf.cpa,0,
pages.marketingIntel.marketingIntel.adPerf.roas,0,
pages.marketingIntel.marketingIntel.adPerf.pageTitle,0,
pages.marketingIntel.marketingIntel.adPerf.pageSub,0,
pages.marketingIntel.marketingIntel.kpi.k_16,0,
pages.marketingIntel.marketingIntel.kpi.k_17,0,
pages.marketingIntel.marketingIntel.kpi.k_18,0,
pages.marketingIntel.marketingIntel.kpi.k_19,0,
pages.marketingIntel.marketingIntel.kpi.k_20,0,
pages.marketingIntel.marketingIntel.kpi.k_3,0,
pages.marketingIntel.marketingIntel.kpi.k_4,0,
pages.marketingIntel.marketingIntel.kpi.k_5,0,
pages.marketingIntel.marketingIntel.kpi.k_6,0,
pages.marketingIntel.marketingIntel.kpi.k_7,0,
pages.marketingIntel.marketingIntel.kpi.k_8,0,
pages.marketingIntel.marketingIntel.gdpr.required,0,
pages.marketingIntel.marketingIntel.gdpr.panelTitle,0,
pages.marketingIntel.marketingIntel.gdpr.panelSub,0,
pages.marketingIntel.marketingIntel.gdpr.savePref,0,
pages.marketingIntel.marketingIntel.gdpr.policyNote1,0,
pages.marketingIntel.marketingIntel.gdpr.privacyPolicy,0,
pages.marketingIntel.marketingIntel.gdpr.policyNote2,0,
pages.marketingIntel.marketingIntel.gdpr.cookiePolicy,0,
pages.marketingIntel.marketingIntel.gdpr.policyNote3,0,
pages.marketingIntel.marketingIntel.gdpr.bannerTitle,0,
pages.marketingIntel.marketingIntel.gdpr.bannerDesc,0,
pages.marketingIntel.marketingIntel.gdpr.currentConsentStatus,0,
pages.marketingIntel.marketingIntel.gdpr.consented,0,
pages.marketingIntel.marketingIntel.gdpr.notConsented,0,
pages.marketingIntel.marketingIntel.gdpr.consentDate,0,
pages.marketingIntel.marketingIntel.gdpr.unknown,0,
pages.marketingIntel.marketingIntel.gdpr.editSettings,0,
pages.marketingIntel.marketingIntel.gdpr.withdraw,0,
pages.marketingIntel.marketingIntel.gdpr.noConsentInfo,0,
pages.marketingIntel.marketingIntel.gdpr.consentNow,0,
pages.marketingIntel.marketingIntel.gdpr.platformStats,0,
pages.marketingIntel.marketingIntel.gdpr.totalVisitors,0,
pages.marketingIntel.marketingIntel.gdpr.consentRate,0,
pages.marketingIntel.marketingIntel.gdpr.withdrawn,0,
pages.marketingIntel.marketingIntel.gdpr.analytics,0,
pages.marketingIntel.marketingIntel.gdpr.marketing,0,
pages.marketingIntel.marketingIntel.banner.mktLowRoas,0,
pages.marketingIntel.marketingIntel.banner.mktRulesActive,0,
pages.marketingIntel.marketingIntel.banner.mktOptimizeNow,0,
pages.marketingIntel.marketingIntel.banner.mktHubAction,0,
pages.marketingIntel.marketingIntel.banner.mktHighRoas,0,
pages.marketingIntel.marketingIntel.banner.mktHighRoasSub,0,
pages.marketingIntel.marketingIntel.banner.mktBudgetAction,0,
pages.marketingIntel.marketingIntel.banner.crmChurn,0,
pages.marketingIntel.marketingIntel.banner.crmVip,0,
pages.marketingIntel.marketingIntel.banner.crmJourney,0,
pages.marketingIntel.marketingIntel.banner.crmJourneyAction,0,
pages.marketingIntel.marketingIntel.banner.ordersAiRun,0,
pages.marketingIntel.marketingIntel.banner.ordersAiSub,0,
pages.marketingIntel.marketingIntel.banner.ordersCampaignAction,0,
pages.marketingIntel.marketingIntel.banner.triggerTypes.signup,0,
pages.marketingIntel.marketingIntel.banner.triggerTypes.purchase,0,
pages.marketingIntel.marketingIntel.banner.triggerTypes.cart_abandoned,0,
pages.marketingIntel.marketingIntel.banner.triggerTypes.churned,0,
pages.marketingIntel.marketingIntel.banner.triggerTypes.segment_entered,0,
pages.marketingIntel.marketingIntel.banner.triggerTypes.birthday,0,
pages.marketingIntel.marketingIntel.banner.triggerTypes.manual,0,
pages.marketingIntel.marketingIntel.banner.nodeConfig,0,
pages.marketingIntel.marketingIntel.banner.nodeName,0,
pages.marketingIntel.marketingIntel.banner.triggerType,0,
pages.marketingIntel.marketingIntel.banner.emailSubject,0,
pages.marketingIntel.marketingIntel.banner.emailFrom,0,
pages.marketingIntel.marketingIntel.banner.emailSubjectPh,0,
pages.marketingIntel.marketingIntel.banner.emailSenderPh,0,
pages.marketingIntel.marketingIntel.banner.emailTestSend,0,
pages.marketingIntel.marketingIntel.banner.emailSimulate,0,
pages.marketingIntel.marketingIntel.banner.kakaoTemplate,0,
pages.marketingIntel.marketingIntel.banner.kakaoMsgType,0,
pages.marketingIntel.marketingIntel.banner.kakaoAlimtalk,0,
pages.marketingIntel.marketingIntel.banner.kakaoFriendtalk,0,
pages.marketingIntel.marketingIntel.banner.kakaoTest,0,
pages.marketingIntel.marketingIntel.banner.lineTemplate,0,
pages.marketingIntel.marketingIntel.banner.lineMsgType,0,
pages.marketingIntel.marketingIntel.banner.lineTestSend,0,
pages.marketingIntel.marketingIntel.banner.lineSimulate,0,
pages.marketingIntel.marketingIntel.banner.delayTime,0,
pages.marketingIntel.marketingIntel.banner.delayUnit,0,
pages.marketingIntel.marketingIntel.banner.minutes,0,
pages.marketingIntel.marketingIntel.banner.hours,0,
pages.marketingIntel.marketingIntel.banner.days,0,
pages.marketingIntel.marketingIntel.banner.conditionField,0,
pages.marketingIntel.marketingIntel.banner.conditionEmailClicked,0,
pages.marketingIntel.marketingIntel.banner.conditionEmailOpened,0,
pages.marketingIntel.marketingIntel.banner.conditionPurchased,0,
pages.marketingIntel.marketingIntel.banner.conditionLtvGt,0,
pages.marketingIntel.marketingIntel.banner.conditionKakaoClicked,0,
pages.marketingIntel.marketingIntel.banner.conditionLineClicked,0,
pages.marketingIntel.marketingIntel.banner.abGroupA,0,
pages.marketingIntel.marketingIntel.banner.abGroupB,0,
pages.marketingIntel.marketingIntel.banner.deleteNode,0,
pages.marketingIntel.marketingIntel.banner.backToList,0,
pages.marketingIntel.marketingIntel.banner.saving,0,
pages.marketingIntel.marketingIntel.banner.save,0,
pages.marketingIntel.marketingIntel.banner.Simulation,0,
pages.marketingIntel.marketingIntel.banner.execLog,0,
pages.marketingIntel.marketingIntel.banner.recentTriggers,0,
pages.marketingIntel.marketingIntel.banner.clickToEdit,0,
pages.marketingIntel.marketingIntel.banner.emailSendSim,0,
pages.marketingIntel.marketingIntel.banner.kakaoSendSim,0,
pages.marketingIntel.marketingIntel.banner.lineSendSim,0,
pages.marketingIntel.marketingIntel.banner.pnlLowMargin,0,
pages.marketingIntel.marketingIntel.banner.pnlLowMarginSub,0,
pages.marketingIntel.marketingIntel.banner.pnlAiAction,0,
pages.marketingIntel.marketingIntel.banner.pnlHighMargin,0,
pages.marketingIntel.marketingIntel.banner.pnlHighMarginSub,0,
pages.marketingIntel.marketingIntel.banner.pnlBudgetAction,0,
pages.marketingIntel.marketingIntel.banner.kpiRulesActive,0,
pages.marketingIntel.marketingIntel.banner.kpiRulesFired,0,
pages.marketingIntel.marketingIntel.banner.kpiAllNormal,0,
pages.marketingIntel.marketingIntel.banner.kpiRuleAction,0,
pages.marketingIntel.marketingIntel.banner.attrAiRun,0,
pages.marketingIntel.marketingIntel.banner.attrAiSub,0,
pages.marketingIntel.marketingIntel.channelKpiPage.pageTitle,0,
pages.marketingIntel.marketingIntel.channelKpiPage.heroDesc,0,
pages.marketingIntel.marketingIntel.channelKpiPage.badgeAdSpend,0,
pages.marketingIntel.marketingIntel.channelKpiPage.badgeBlendedRoas,0,
pages.marketingIntel.marketingIntel.channelKpiPage.badgeOrders,0,
pages.marketingIntel.marketingIntel.channelKpiPage.badgeOpProfit,0,
pages.marketingIntel.marketingIntel.channelKpiPage.tabGoals,0,
pages.marketingIntel.marketingIntel.channelKpiPage.tabRoles,0,
pages.marketingIntel.marketingIntel.channelKpiPage.tabSetup,0,
pages.marketingIntel.marketingIntel.channelKpiPage.tabSns,0,
pages.marketingIntel.marketingIntel.channelKpiPage.tabContent,0,
pages.marketingIntel.marketingIntel.channelKpiPage.tabCommunity,0,
pages.marketingIntel.marketingIntel.channelKpiPage.tabTargets,0,
pages.marketingIntel.marketingIntel.channelKpiPage.tabMonitor,0,
pages.marketingIntel.marketingIntel.channelKpiPage.bizGoalSetting,0,
pages.marketingIntel.marketingIntel.channelKpiPage.brandAwareness,0,
pages.marketingIntel.marketingIntel.channelKpiPage.brandAwarenessDesc,0,
pages.marketingIntel.marketingIntel.channelKpiPage.webTraffic,0,
pages.marketingIntel.marketingIntel.channelKpiPage.webTrafficDesc,0,
pages.marketingIntel.marketingIntel.channelKpiPage.inquiriesPurchases,0,
pages.marketingIntel.marketingIntel.channelKpiPage.inquiriesPurchasesDesc,0,
pages.marketingIntel.marketingIntel.channelKpiPage.selected,0,
pages.marketingIntel.marketingIntel.channelKpiPage.clickSelect,0,
pages.marketingIntel.marketingIntel.channelKpiPage.selectedGoals,0,
pages.marketingIntel.marketingIntel.channelKpiPage.pleaseSelectGoal,0,
pages.marketingIntel.marketingIntel.channelKpiPage.channelRoleDef,0,
pages.marketingIntel.marketingIntel.channelKpiPage.chSearchAds,0,
pages.marketingIntel.marketingIntel.channelKpiPage.chSnsAds,0,
pages.marketingIntel.marketingIntel.channelKpiPage.chBlog,0,
pages.marketingIntel.marketingIntel.channelKpiPage.chCommunity,0,
pages.marketingIntel.marketingIntel.channelKpiPage.roleCaptureIntent,0,
pages.marketingIntel.marketingIntel.channelKpiPage.roleBrandReach,0,
pages.marketingIntel.marketingIntel.channelKpiPage.roleInfoTrust,0,
pages.marketingIntel.marketingIntel.channelKpiPage.roleCustRel,0,
pages.marketingIntel.marketingIntel.channelKpiPage.descCaptureIntent,0,
pages.marketingIntel.marketingIntel.channelKpiPage.descBrandReach,0,
pages.marketingIntel.marketingIntel.channelKpiPage.descInfoTrust,0,
pages.marketingIntel.marketingIntel.channelKpiPage.descCustRel,0,
pages.marketingIntel.marketingIntel.channelKpiPage.coreKpis,0,
pages.marketingIntel.marketingIntel.channelKpiPage.ctr,0,
pages.marketingIntel.marketingIntel.channelKpiPage.cpc,0,
pages.marketingIntel.marketingIntel.channelKpiPage.convRate,0,
pages.marketingIntel.marketingIntel.channelKpiPage.cpa,0,
pages.marketingIntel.marketingIntel.channelKpiPage.roas,0,
pages.marketingIntel.marketingIntel.channelKpiPage.reach,0,
pages.marketingIntel.marketingIntel.channelKpiPage.engagement,0,
pages.marketingIntel.marketingIntel.channelKpiPage.videoViews,0,
pages.marketingIntel.marketingIntel.channelKpiPage.pageViews,0,
pages.marketingIntel.marketingIntel.channelKpiPage.visitors,0,
pages.marketingIntel.marketingIntel.channelKpiPage.avgTime,0,
pages.marketingIntel.marketingIntel.channelKpiPage.searchTraffic,0,
pages.marketingIntel.marketingIntel.channelKpiPage.postViews,0,
pages.marketingIntel.marketingIntel.channelKpiPage.comments,0,
pages.marketingIntel.marketingIntel.channelKpiPage.inquiries,0,
pages.marketingIntel.marketingIntel.channelKpiPage.newMembers,0,
pages.marketingIntel.marketingIntel.channelKpiPage.targetSetup,0,
pages.marketingIntel.marketingIntel.channelKpiPage.lblCtrFull,0,
pages.marketingIntel.marketingIntel.channelKpiPage.lblConvRate,0,
pages.marketingIntel.marketingIntel.channelKpiPage.lblCpaFull,0,
pages.marketingIntel.marketingIntel.channelKpiPage.lblRoasFull,0,
pages.marketingIntel.marketingIntel.channelKpiPage.lblCpcFull,0,
pages.marketingIntel.marketingIntel.channelKpiPage.hintCtr,0,
pages.marketingIntel.marketingIntel.channelKpiPage.hintConvRate,0,
pages.marketingIntel.marketingIntel.channelKpiPage.hintCpa,0,
pages.marketingIntel.marketingIntel.channelKpiPage.hintRoas,0,
pages.marketingIntel.marketingIntel.channelKpiPage.hintCpc,0,
pages.marketingIntel.marketingIntel.channelKpiPage.snsKpiOverview,0,
pages.marketingIntel.marketingIntel.channelKpiPage.snsKpiByChannel,0,
pages.marketingIntel.marketingIntel.channelKpiPage.allChannels,0,
pages.marketingIntel.marketingIntel.channelKpiPage.channelCol,0,
pages.marketingIntel.marketingIntel.channelKpiPage.contentKpi,0,
pages.marketingIntel.marketingIntel.channelKpiPage.contentImpressions,0,
pages.marketingIntel.marketingIntel.channelKpiPage.siteTraffic,0,
pages.marketingIntel.marketingIntel.channelKpiPage.contentEngage,0,
pages.marketingIntel.marketingIntel.channelKpiPage.seoImpact,0,
pages.marketingIntel.marketingIntel.channelKpiPage.monthlyTrend,0,
pages.marketingIntel.marketingIntel.channelKpiPage.currentMonth,0,
pages.marketingIntel.marketingIntel.channelKpiPage.communityKpi,0,
pages.marketingIntel.marketingIntel.channelKpiPage.naverCafe,0,
pages.marketingIntel.marketingIntel.channelKpiPage.kakaoGuild,0,
pages.marketingIntel.marketingIntel.channelKpiPage.contentInterest,0,
pages.marketingIntel.marketingIntel.channelKpiPage.communityAct,0,
pages.marketingIntel.marketingIntel.channelKpiPage.interestConv,0,
pages.marketingIntel.marketingIntel.channelKpiPage.communityGrowth,0,
pages.marketingIntel.marketingIntel.channelKpiPage.share,0,
pages.marketingIntel.marketingIntel.channelKpiPage.targetVsActuals,0,
pages.marketingIntel.marketingIntel.channelKpiPage.overallAchieve,0,
pages.marketingIntel.marketingIntel.channelKpiPage.targetLabel,0,
pages.marketingIntel.marketingIntel.channelKpiPage.achieved,0,
pages.marketingIntel.marketingIntel.channelKpiPage.achievedOk,0,
pages.marketingIntel.marketingIntel.channelKpiPage.belowTarget,0,
pages.marketingIntel.marketingIntel.channelKpiPage.descCtr,0,
pages.marketingIntel.marketingIntel.channelKpiPage.descConvRate,0,
pages.marketingIntel.marketingIntel.channelKpiPage.descCpa,0,
pages.marketingIntel.marketingIntel.channelKpiPage.descRoas,0,
pages.marketingIntel.marketingIntel.channelKpiPage.descCpc,0,
pages.marketingIntel.marketingIntel.channelKpiPage.monitorAi,0,
pages.marketingIntel.marketingIntel.channelKpiPage.claudeAiTitle,0,
pages.marketingIntel.marketingIntel.channelKpiPage.claudeAiDesc,0,
pages.marketingIntel.marketingIntel.channelKpiPage.weeklyAi,0,
pages.marketingIntel.marketingIntel.channelKpiPage.monthlyAi,0,
pages.marketingIntel.marketingIntel.channelKpiPage.runAi,0,
pages.marketingIntel.marketingIntel.channelKpiPage.aiAnalyzing,0,
pages.marketingIntel.marketingIntel.channelKpiPage.history,0,
pages.marketingIntel.marketingIntel.channelKpiPage.aiSummary,0,
pages.marketingIntel.marketingIntel.channelKpiPage.keyInsight,0,
pages.marketingIntel.marketingIntel.channelKpiPage.immediateAction,0,
pages.marketingIntel.marketingIntel.channelKpiPage.strengths,0,
pages.marketingIntel.marketingIntel.channelKpiPage.weaknesses,0,
pages.marketingIntel.marketingIntel.channelKpiPage.improveRecs,0,
pages.marketingIntel.marketingIntel.channelKpiPage.weeklyAdTrend,0,
pages.marketingIntel.marketingIntel.channelKpiPage.period,0,
pages.marketingIntel.marketingIntel.channelKpiPage.noData,0,
pages.marketingIntel.marketingIntel.channelKpiPage.checklist,0,
pages.marketingIntel.marketingIntel.channelKpiPage.chkEff,0,
pages.marketingIntel.marketingIntel.channelKpiPage.chkCostPerf,0,
pages.marketingIntel.marketingIntel.channelKpiPage.chkImprove,0,
pages.marketingIntel.marketingIntel.channelKpiPage.aiHistoryList,0,
pages.marketingIntel.marketingIntel.channelKpiPage.noHistory,0,
pages.marketingIntel.marketingIntel.channelKpiPage.guideTabsTitle,0,
pages.marketingIntel.marketingIntel.channelKpiPage.guideGoalName,0,
pages.marketingIntel.marketingIntel.channelKpiPage.guideGoalDesc,0,
pages.marketingIntel.marketingIntel.channelKpiPage.guideRoleName,0,
pages.marketingIntel.marketingIntel.channelKpiPage.guideRoleDesc,0,
pages.marketingIntel.marketingIntel.channelKpiPage.guideSetupName,0,
pages.marketingIntel.marketingIntel.channelKpiPage.guideSetupDesc,0,
pages.marketingIntel.marketingIntel.channelKpiPage.guideSnsName,0,
pages.marketingIntel.marketingIntel.channelKpiPage.guideSnsDesc,0,
pages.marketingIntel.marketingIntel.channelKpiPage.guideContentName,0,
pages.marketingIntel.marketingIntel.channelKpiPage.guideContentDesc,0,
pages.marketingIntel.marketingIntel.channelKpiPage.guideCommunityName,0,
pages.marketingIntel.marketingIntel.channelKpiPage.guideCommunityDesc,0,
pages.marketingIntel.marketingIntel.channelKpiPage.guideTargetName,0,
pages.marketingIntel.marketingIntel.channelKpiPage.guideTargetDesc,0,
pages.marketingIntel.marketingIntel.channelKpiPage.guideMonitorName,0,
pages.marketingIntel.marketingIntel.channelKpiPage.guideMonitorDesc,0,
pages.marketingIntel.marketingIntel.channelKpiPage.chName_,0,
pages.marketingIntel.marketingIntel.unified.selectMarkets,0,
pages.marketingIntel.marketingIntel.unified.optimalTime,0,
pages.marketingIntel.marketingIntel.unified.weekday,0,
pages.marketingIntel.marketingIntel.unified.weekend,0,
pages.marketingIntel.marketingIntel.unified.cloneCampaign,0,
pages.marketingIntel.marketingIntel.unified.saveTemplate,0,
pages.marketingIntel.marketingIntel.unified.catFashion,0,
pages.marketingIntel.marketingIntel.unified.catBeauty,0,
pages.marketingIntel.marketingIntel.unified.catFood,0,
pages.marketingIntel.marketingIntel.unified.catTech,0,
pages.marketingIntel.marketingIntel.unified.catTravel,0,
pages.marketingIntel.marketingIntel.unified.catSoftware,0,
pages.marketingIntel.marketingIntel.unified.catGeneral,0,
pages.marketingIntel.marketingIntel.unified.step1,0,
pages.marketingIntel.marketingIntel.unified.step2,0,
pages.marketingIntel.marketingIntel.unified.step3,0,
pages.marketingIntel.marketingIntel.unified.alertSuccess,0,
pages.marketingIntel.marketingIntel.unified.mainTitle,0,
pages.marketingIntel.marketingIntel.unified.heroDesc,0,
pages.marketingIntel.marketingIntel.unified.qBudget,0,
pages.marketingIntel.marketingIntel.unified.budgetSub,0,
pages.marketingIntel.marketingIntel.unified.whichCategory,0,
pages.marketingIntel.marketingIntel.unified.campName,0,
pages.marketingIntel.marketingIntel.unified.budgetLabel,0,
pages.marketingIntel.marketingIntel.unified.budgetErr,0,
pages.marketingIntel.marketingIntel.unified.simulating,0,
pages.marketingIntel.marketingIntel.unified.btnSimulate,0,
pages.marketingIntel.marketingIntel.unified.mixTitle,0,
pages.marketingIntel.marketingIntel.unified.mixSub,0,
pages.marketingIntel.marketingIntel.unified.estRoas,0,
pages.marketingIntel.marketingIntel.unified.estConv,0,
pages.marketingIntel.marketingIntel.unified.cases,0,
pages.marketingIntel.marketingIntel.unified.expRoas,0,
pages.marketingIntel.marketingIntel.unified.btnRetry,0,
pages.marketingIntel.marketingIntel.unified.btnNext,0,
pages.marketingIntel.marketingIntel.unified.launchTitle,0,
pages.marketingIntel.marketingIntel.unified.launchSub,0,
pages.marketingIntel.marketingIntel.unified.payMethod,0,
pages.marketingIntel.marketingIntel.unified.corporateCard,0,
pages.marketingIntel.marketingIntel.unified.totalAmt,0,
pages.marketingIntel.marketingIntel.unified.btnReview,0,
pages.marketingIntel.marketingIntel.unified.btnLaunching,0,
pages.marketingIntel.marketingIntel.unified.btnLaunch,0,
pages.marketingIntel.marketingIntel.influencerUGC.txt_WhitelistA_4,0,
pages.marketingIntel.marketingIntel.influencerUGC.txt_Percontrac_8,0,
pages.marketingIntel.marketingIntel.influencerUGC.txt_ActualPaid_9,0,
pages.marketingIntel.marketingIntel.influencerUGC.txt_Difference_10,0,
pages.marketingIntel.marketingIntel.influencerUGC.txt_CreatorROI_11,0,
pages.marketingIntel.marketingIntel.influencerUGC.txt_Engagement_12,0,
pages.marketingIntel.marketingIntel.influencerUGC.txt_AdCreative_13,0,
pages.marketingIntel.marketingIntel.influencerUGC.txt_ProductPag_14,0,
pages.marketingIntel.marketingIntel.influencerUGC.txt_Channelper_15,0,
pages.marketingIntel.marketingIntel.influencerUGC.txt_부정키워드Top5_16,0,
pages.marketingIntel.marketingIntel.influencerUGC.txt_부정키워드급증10건_17,0,
pages.marketingIntel.marketingIntel.influencerUGC.txt_리뷰피드_18,0,
pages.marketingIntel.marketingIntel.influencerUGC.txt_All감성_19,0,
pages.marketingIntel.marketingIntel.influencerUGC.txt_긍정_20,0,
pages.marketingIntel.marketingIntel.influencerUGC.txt_inprogress_21,0,
pages.marketingIntel.marketingIntel.influencerUGC.txt_부정_22,0,
pages.marketingIntel.marketingIntel.influencerUGC.txt_CS대응_23,0,
pages.marketingIntel.marketingIntel.influencerUGC.txt_SearchResultNo_24,0,
pages.marketingIntel.marketingIntel.influencerUGC.txt_AI인플루언서평가A_25,0,
pages.marketingIntel.marketingIntel.influencerUGC.txt_평가항목per점Co_26,0,
pages.marketingIntel.marketingIntel.influencerUGC.txt_실적_27,0,
pages.marketingIntel.marketingIntel.influencerUGC.txt_강점_28,0,
pages.marketingIntel.marketingIntel.influencerUGC.txt_개선포인트_29,0,
pages.marketingIntel.marketingIntel.influencerUGC.txt_AI적정Commis_30,0,
pages.marketingIntel.marketingIntel.influencerUGC.txt_지역연령성per참여_31,0,
pages.marketingIntel.marketingIntel.influencerUGC.txt_AI인플루언서종합평_32,0,
pages.marketingIntel.marketingIntel.influencerUGC.txt_ClaudeSonn_33,0,
pages.marketingIntel.marketingIntel.influencerUGC.txt_지역연령성per참여_34,0,
pages.marketingIntel.marketingIntel.influencerUGC.txt_ClaudeAI가C_35,0,
pages.marketingIntel.marketingIntel.influencerUGC.txt_평가대상Creato_36,0,
pages.marketingIntel.marketingIntel.influencerUGC.txt_AI평가RunBut_37,0,
pages.marketingIntel.marketingIntel.influencerUGC.txt_포트폴리오종합Ana_38,0,
pages.marketingIntel.marketingIntel.influencerUGC.txt_CreatorAI평_39,0,
pages.marketingIntel.marketingIntel.influencerUGC.txt_행Clicks시항목_40,0,
pages.marketingIntel.marketingIntel.influencerUGC.txt_AI점Count_41,0,
pages.marketingIntel.marketingIntel.influencerUGC.txt_계약갱신Recommendations_42,0,
pages.marketingIntel.marketingIntel.influencerUGC.txt_권장Commissi_43,0,
pages.marketingIntel.marketingIntel.influencerUGC.txt_포트폴리오전략인사이_44,0,
pages.marketingIntel.marketingIntel.influencerUGC.txt_Budget최적화제_45,0,
pages.marketingIntel.marketingIntel.influencerUGC.txt_AI재Analysi_46,0,
pages.marketingIntel.marketingIntel.influencerUGC.txt_All리뷰_47,0,
pages.marketingIntel.marketingIntel.influencerUGC.txt_4개Channel합_48,0,
pages.marketingIntel.marketingIntel.influencerUGC.txt_Average평점_49,0,
pages.marketingIntel.marketingIntel.influencerUGC.txt_전Channel가i_50,0,
pages.marketingIntel.marketingIntel.influencerUGC.txt_부정리뷰_51,0,
pages.marketingIntel.marketingIntel.influencerUGC.txt_즉시대응필요_52,0,
pages.marketingIntel.marketingIntel.influencerUGC.txt_긍정Rate_53,0,
pages.marketingIntel.marketingIntel.influencerUGC.txt_전월31p_54,0,
pages.marketingIntel.marketingIntel.influencerUGC.u_0,0,
pages.marketingIntel.marketingIntel.influencerUGC.u_1,0,
pages.marketingIntel.marketingIntel.influencerUGC.u_2,0,
pages.marketingIntel.marketingIntel.influencerUGC.u_3,0,
pages.marketingIntel.marketingIntel.influencerUGC.u_4,0,
pages.marketingIntel.marketingIntel.influencerUGC.u_5,0,
pages.marketingIntel.marketingIntel.influencerUGC.u_6,0,
pages.marketingIntel.marketingIntel.influencerUGC.u_7,0,
pages.marketingIntel.marketingIntel.influencerUGC.u_8,0,
pages.marketingIntel.marketingIntel.influencerUGC.u_9,0,
pages.marketingIntel.marketingIntel.influencerUGC.u_10,0,
pages.marketingIntel.marketingIntel.influencerUGC.u_11,0,
pages.marketingIntel.marketingIntel.influencerUGC.u_12,0,
pages.marketingIntel.marketingIntel.influencerUGC.u_13,0,
pages.marketingIntel.marketingIntel.influencerUGC.u_14,0,
pages.marketingIntel.marketingIntel.influencerUGC.u_15,0,
pages.marketingIntel.marketingIntel.influencerUGC.u_16,0,
pages.marketingIntel.marketingIntel.influencerUGC.u_17,0,
pages.marketingIntel.marketingIntel.influencerUGC.u_18,0,
pages.marketingIntel.marketingIntel.influencerUGC.u_19,0,
pages.marketingIntel.marketingIntel.influencerUGC.u_20,0,
pages.marketingIntel.marketingIntel.influencerUGC.u_21,0,
pages.marketingIntel.marketingIntel.influencerUGC.u_22,0,
pages.marketingIntel.marketingIntel.influencerUGC.u_23,0,
pages.marketingIntel.marketingIntel.influencerUGC.u_24,0,
pages.marketingIntel.marketingIntel.influencerUGC.u_25,0,
pages.marketingIntel.marketingIntel.influencerUGC.u_26,0,
pages.marketingIntel.marketingIntel.influencerUGC.u_27,0,
pages.marketingIntel.marketingIntel.influencerUGC.u_28,0,
pages.marketingIntel.marketingIntel.influencerUGC.u_29,0,
pages.marketingIntel.marketingIntel.influencerUGC.u_30,0,
pages.marketingIntel.marketingIntel.influencerUGC.u_31,0,
pages.marketingIntel.marketingIntel.influencerUGC.u_32,0,
pages.marketingIntel.marketingIntel.influencerUGC.u_33,0,
pages.marketingIntel.marketingIntel.influencerUGC.u_34,0,
pages.marketingIntel.marketingIntel.influencerUGC.u_35,0,
pages.marketingIntel.marketingIntel.influencerUGC.u_36,0,
pages.marketingIntel.marketingIntel.influencerUGC.u_37,0,
pages.marketingIntel.marketingIntel.influencerUGC.u_38,0,
pages.marketingIntel.marketingIntel.influencerUGC.u_39,0,
pages.marketingIntel.marketingIntel.influencerUGC.u_40,0,
pages.marketingIntel.marketingIntel.influencerUGC.u_41,0,
pages.marketingIntel.marketingIntel.influencerUGC.u_42,0,
pages.marketingIntel.marketingIntel.influencerUGC.u_43,0,
pages.marketingIntel.marketingIntel.influencerUGC.u_44,0,
pages.marketingIntel.marketingIntel.influencerUGC.u_45,0,
pages.marketingIntel.marketingIntel.influencerUGC.u_46,0,
pages.marketingIntel.marketingIntel.influencerUGC.u_47,0,
pages.marketingIntel.marketingIntel.influencerUGC.u_48,0,
pages.marketingIntel.marketingIntel.influencerUGC.u_49,0,
pages.marketingIntel.marketingIntel.influencerUGC.u_50,0,
pages.marketingIntel.marketingIntel.influencerUGC.u_51,0,
pages.marketingIntel.marketingIntel.influencerUGC.u_52,0,
pages.marketingIntel.marketingIntel.influencerUGC.u_53,0,
pages.marketingIntel.marketingIntel.influencerUGC.u_54,0,
pages.marketingIntel.marketingIntel.influencerUGC.u_55,0,
pages.marketingIntel.marketingIntel.influencerUGC.u_56,0,
pages.marketingIntel.marketingIntel.influencerUGC.u_57,0,
pages.marketingIntel.marketingIntel.influencerUGC.u_58,0,
pages.marketingIntel.marketingIntel.influencerUGC.u_59,0,
pages.marketingIntel.marketingIntel.influencerUGC.u_60,0,
pages.marketingIntel.marketingIntel.influencerUGC.u_61,0,
pages.marketingIntel.marketingIntel.influencerUGC.u_62,0,
pages.marketingIntel.marketingIntel.influencerUGC.u_63,0,
pages.marketingIntel.marketingIntel.influencerUGC.u_64,0,
pages.marketingIntel.marketingIntel.influencerUGC.u_65,0,
pages.marketingIntel.marketingIntel.influencerUGC.u_66,0,
pages.marketingIntel.marketingIntel.influencerUGC.u_67,0,
pages.marketingIntel.marketingIntel.influencerUGC.u_68,0,
pages.marketingIntel.marketingIntel.influencerUGC.u_69,0,
pages.marketingIntel.marketingIntel.influencerUGC.u_70,0,
pages.marketingIntel.marketingIntel.influencerUGC.u_71,0,
pages.marketingIntel.marketingIntel.influencerUGC.u_72,0,
pages.marketingIntel.marketingIntel.influencerUGC.u_73,0,
pages.marketingIntel.marketingIntel.influencerUGC.u_74,0,
pages.marketingIntel.marketingIntel.influencerUGC.u_75,0,
pages.marketingIntel.marketingIntel.influencerUGC.u_76,0,
pages.marketingIntel.marketingIntel.influencerUGC.u_77,0,
pages.marketingIntel.marketingIntel.influencerUGC.u_78,0,
pages.marketingIntel.marketingIntel.influencerUGC.u_79,0,
pages.marketingIntel.marketingIntel.influencerUGC.u_80,0,
pages.marketingIntel.marketingIntel.influencerUGC.u_81,0,
pages.marketingIntel.marketingIntel.influencerUGC.u_82,0,
pages.marketingIntel.marketingIntel.influencerUGC.u_83,0,
pages.marketingIntel.marketingIntel.influencerUGC.u_84,0,
pages.marketingIntel.marketingIntel.influencerUGC.u_85,0,
pages.marketingIntel.marketingIntel.influencerUGC.u_86,0,
pages.marketingIntel.marketingIntel.influencerUGC.u_87,0,
pages.marketingIntel.marketingIntel.influencerUGC.u_88,0,
pages.marketingIntel.marketingIntel.influencerUGC.u_89,0,
pages.marketingIntel.marketingIntel.influencerUGC.u_90,0,
pages.marketingIntel.marketingIntel.influencerUGC.u_91,0,
pages.marketingIntel.marketingIntel.influencerUGC.u_92,0,
pages.marketingIntel.marketingIntel.influencerUGC.u_93,0,
pages.marketingIntel.marketingIntel.influencerUGC.u_94,0,
pages.marketingIntel.marketingIntel.influencerUGC.u_95,0,
pages.marketingIntel.marketingIntel.influencerUGC.u_96,0,
pages.marketingIntel.marketingIntel.influencerUGC.u_97,0,
pages.marketingIntel.marketingIntel.influencerUGC.u_98,0,
pages.marketingIntel.marketingIntel.influencerUGC.u_99,0,
pages.marketingIntel.marketingIntel.influencerUGC.u_100,0,
pages.marketingIntel.marketingIntel.influencerUGC.u_101,0,
pages.marketingIntel.marketingIntel.influencerUGC.u_102,0,
pages.marketingIntel.marketingIntel.influencerUGC.u_103,0,
pages.marketingIntel.marketingIntel.influencerUGC.u_104,0,
pages.marketingIntel.marketingIntel.influencerUGC.u_105,0,
pages.marketingIntel.marketingIntel.influencerUGC.u_106,0,
pages.marketingIntel.marketingIntel.influencerUGC.u_107,0,
pages.marketingIntel.marketingIntel.influencerUGC.u_108,0,
pages.marketingIntel.marketingIntel.influencerUGC.u_109,0,
pages.marketingIntel.marketingIntel.influencerUGC.u_110,0,
pages.marketingIntel.marketingIntel.influencerUGC.u_111,0,
pages.marketingIntel.marketingIntel.influencerUGC.u_112,0,
pages.marketingIntel.marketingIntel.influencerUGC.u_113,0,
pages.marketingIntel.marketingIntel.influencerUGC.u_114,0,
pages.marketingIntel.marketingIntel.influencerUGC.u_115,0,
pages.marketingIntel.marketingIntel.influencerUGC.v_100,0,
pages.marketingIntel.marketingIntel.influencerUGC.v_101,0,
pages.marketingIntel.marketingIntel.influencerUGC.v_102,0,
pages.marketingIntel.marketingIntel.influencerUGC.v_103,0,
pages.marketingIntel.marketingIntel.influencerUGC.v_104,0,
pages.marketingIntel.marketingIntel.influencerUGC.v_105,0,
pages.marketingIntel.marketingIntel.influencerUGC.v_106,0,
pages.marketingIntel.marketingIntel.influencerUGC.v_107,0,
pages.marketingIntel.marketingIntel.influencerUGC.v_108,0,
pages.marketingIntel.marketingIntel.influencerUGC.v_109,0,
pages.marketingIntel.marketingIntel.influencerUGC.v_110,0,
pages.marketingIntel.marketingIntel.influencerUGC.v_111,0,
pages.marketingIntel.marketingIntel.influencerUGC.v_112,0,
pages.marketingIntel.marketingIntel.influencerUGC.v_113,0,
pages.marketingIntel.marketingIntel.influencerUGC.w_200,0,
pages.marketingIntel.marketingIntel.influencerUGC.w_201,0,
pages.marketingIntel.marketingIntel.influencerUGC.w_202,0,
pages.marketingIntel.marketingIntel.influencerUGC.w_203,0,
pages.marketingIntel.marketingIntel.influencerUGC.w_204,0,
pages.marketingIntel.marketingIntel.influencerUGC.w_205,0,
pages.marketingIntel.marketingIntel.influencerUGC.w_206,0,
pages.marketingIntel.marketingIntel.influencerUGC.w_207,0,
pages.marketingIntel.marketingIntel.influencerUGC.w_300,0,
pages.marketingIntel.marketingIntel.influencerUGC.w_301,0,
pages.marketingIntel.marketingIntel.influencerUGC.w_302,0,
pages.marketingIntel.marketingIntel.influencerUGC.w_303,0,
pages.marketingIntel.marketingIntel.influencerUGC.w_304,0,
pages.marketingIntel.marketingIntel.influencerUGC.w_305,0,
pages.marketingIntel.marketingIntel.influencerUGC.w_400,0,
pages.marketingIntel.marketingIntel.influencerUGC.w_401,0,
pages.marketingIntel.marketingIntel.influencerUGC.w_402,0,
pages.marketingIntel.marketingIntel.influencerUGC.unit_persons,0,
pages.marketingIntel.marketingIntel.influencerUGC.unit_items,0,
pages.marketingIntel.marketingIntel.influencerUGC.txt_Search결과No_24,0,
pages.marketingIntel.marketingIntel.influencerUGC.txt_계약갱신권고_42,0,
pages.marketingIntel.marketingIntel.tabs.overview,0,
pages.marketingIntel.marketingIntel.tabs.overviewDesc,0,
pages.marketingIntel.marketingIntel.tabs.marketing,0,
pages.marketingIntel.marketingIntel.tabs.marketingDesc,0,
pages.marketingIntel.marketingIntel.tabs.channel,0,
pages.marketingIntel.marketingIntel.tabs.channelDesc,0,
pages.marketingIntel.marketingIntel.tabs.commerce,0,
pages.marketingIntel.marketingIntel.tabs.commerceDesc,0,
pages.marketingIntel.marketingIntel.tabs.sales,0,
pages.marketingIntel.marketingIntel.tabs.salesDesc,0,
pages.marketingIntel.marketingIntel.tabs.influencer,0,
pages.marketingIntel.marketingIntel.tabs.influencerDesc,0,
pages.marketingIntel.marketingIntel.tabs.system,0,
pages.marketingIntel.marketingIntel.tabs.systemDesc,0,
pages.marketingIntel.marketingIntel.tabs.globalRevenue,0,
pages.marketingIntel.marketingIntel.tabs.avgGrowth,0,
pages.marketingIntel.marketingIntel.tabs.topMarket,0,
pages.marketingIntel.marketingIntel.tabs.activeCountries,0,
pages.marketingIntel.marketingIntel.tabs.channelPerf,0,
pages.marketingIntel.marketingIntel.tabs.growthRate,0,
pages.marketingIntel.marketingIntel.tabs.popularProducts,0,
pages.marketingIntel.marketingIntel.tabs.guide,0,
pages.marketingIntel.marketingIntel.tabs.guideDesc,0,
pages.marketingIntel.marketingIntel.pricing.limitedFeat,0,
pages.marketingIntel.marketingIntel.pricing.loadingText,0,
pages.marketingIntel.marketingIntel.pricing.acctSelect,0,
pages.marketingIntel.marketingIntel.pricing.totalLabel,0,
pages.marketingIntel.marketingIntel.pricing.freeForever,0,
pages.marketingIntel.marketingIntel.pricing.registerSoon,0,
pages.marketingIntel.marketingIntel.pricing.btnCurrent,0,
pages.marketingIntel.marketingIntel.pricing.btnPaying,0,
pages.marketingIntel.marketingIntel.pricing.btnFreeStart,0,
pages.marketingIntel.marketingIntel.pricing.btnSubscribe,0,
pages.marketingIntel.marketingIntel.pricing.moreItems,0,
pages.marketingIntel.marketingIntel.pricing.btnViewLess,0,
pages.marketingIntel.marketingIntel.pricing.btnViewAll,0,
pages.marketingIntel.marketingIntel.pricing.compareFeature,0,
pages.marketingIntel.marketingIntel.pricing.,0,
pages.marketingIntel.marketingIntel.pricing.heroDesc,0,
pages.marketingIntel.marketingIntel.pricing.heroSaving,0,
pages.marketingIntel.marketingIntel.pricing.heroSavingBold,0,
pages.marketingIntel.marketingIntel.pricing.currentPlanLabel,0,
pages.marketingIntel.marketingIntel.pricing.compareBtnHide,0,
pages.marketingIntel.marketingIntel.pricing.compareBtnShow,0,
pages.marketingIntel.marketingIntel.pricing.compareTitle,0,
pages.marketingIntel.marketingIntel.pricing.savingTitle,0,
pages.marketingIntel.marketingIntel.pricing.savingDesc,0,
pages.marketingIntel.marketingIntel.pricing.savingDesc2,0,
pages.marketingIntel.marketingIntel.pricing.savingBold,0,
pages.marketingIntel.marketingIntel.pricing.faqTitle,0,
pages.marketingIntel.marketingIntel.pricing.faq1q,0,
pages.marketingIntel.marketingIntel.pricing.faq1a,0,
pages.marketingIntel.marketingIntel.pricing.faq2q,0,
pages.marketingIntel.marketingIntel.pricing.faq2a,0,
pages.marketingIntel.marketingIntel.pricing.faq3q,0,
pages.marketingIntel.marketingIntel.pricing.faq3a,0,
pages.marketingIntel.marketingIntel.pricing.faq4q,0,
pages.marketingIntel.marketingIntel.pricing.faq4a,0,
pages.marketingIntel.marketingIntel.pricing.faq5q,0,
pages.marketingIntel.marketingIntel.pricing.faq5a,0,
pages.marketingIntel.marketingIntel.pricing.faq6q,0,
pages.marketingIntel.marketingIntel.pricing.faq6a,0,
pages.marketingIntel.marketingIntel.pricing.termsNote,0,
pages.marketingIntel.marketingIntel.pricing.terms,0,
pages.marketingIntel.marketingIntel.pricing.pageTitle,0,
pages.marketingIntel.marketingIntel.pricing.pageSub,0,
pages.marketingIntel.marketingIntel.pricing.cycleMonthly,0,
pages.marketingIntel.marketingIntel.pricing.cycleQuarterly,0,
pages.marketingIntel.marketingIntel.pricing.cycleSemiAnnual,0,
pages.marketingIntel.marketingIntel.pricing.cycleYearly,0,
pages.marketingIntel.marketingIntel.marketingIntel.aiPredict.influencerUGC.txt_Search결과No_24,0,
pages.marketingIntel.marketingIntel.marketingIntel.aiPredict.influencerUGC.txt_계약갱신권고_42,0,
pages.marketingIntel.marketingIntel.marketingIntel.influencerUGC.txt_Search결과No_24,0,
pages.marketingIntel.marketingIntel.marketingIntel.influencerUGC.txt_계약갱신권고_42,0,